Shipment_ID,Order_Date,Origin,Destination,Distance_km,Weight_kg,Inventory_Level,Transit_Days,Ship_Date,Delivery_Date,Freight_Cost,Delivery_Status,Freight_Cost_flag,Weight_kg_flag,Distance_km_minmax,Weight_kg_minmax,Freight_Cost_minmax,Inventory_Level_minmax,Transit_Days_minmax,Mode_Air,Mode_Rail,Mode_Road,Mode_Sea
1001,2025-01-27,Pune,Ahmedabad,930.8,175.1,144.0,4.0,2025-01-27,2025-01-31,1864.46,Delayed,False,False,0.34213857709511347,0.3075385921966329,0.1667861185923394,0.25732217573221755,0.3333333333333333,False,True,False,False
1002,2025-08-21,Hyderabad,Mumbai,893.9,163.8,466.0,4.0,2025-08-22,2025-08-26,1402.31,Delayed,False,False,0.3265676428390581,0.2849577858820003,0.1204766820739192,0.9309623430962343,0.3333333333333333,False,False,False,True
1003,2025-07-16,Bengaluru,Kolkata,1446.0,83.7,144.0,6.0,2025-07-17,2025-07-23,3472.74,On Time,False,False,0.5595408895265422,0.12489384023579957,0.3279427572677582,0.25732217573221755,0.5555555555555556,False,False,True,False
1004,2025-05-12,Ahmedabad,Kolkata,1468.6,521.625,194.0,5.0,2025-05-13,2025-05-18,8136.76,On Time,False,True,0.5690775592877035,1.0,0.7952978110612064,0.3619246861924686,0.4444444444444444,False,False,True,False
1005,2025-05-10,Delhi,Pune,859.2,434.3,321.0,2.0,2025-05-10,2025-05-12,2885.89,On Time,False,False,0.31192505696683265,0.8254983264225408,0.26913783933887175,0.6276150627615062,0.1111111111111111,False,True,False,False
1006,2025-09-15,Ahmedabad,Delhi,918.6,248.3,275.5,3.0,2025-09-15,2025-09-18,3662.36,On Time,False,False,0.3369904633302388,0.4538142578808014,0.34694350454163647,0.5324267782426778,0.2222222222222222,False,False,True,False
1007,2025-01-26,Pune,Kolkata,1343.5,194.9,275.5,5.0,2025-01-27,2025-02-01,2606.09,On Time,False,False,0.5162882943708329,0.3471049607833342,0.24110066453014306,0.5324267782426778,0.4444444444444444,False,True,False,False
1008,2025-07-29,Bengaluru,Delhi,727.6,231.9,103.0,3.0,2025-07-31,2025-08-03,2462.81,On Time,False,False,0.2563929445522829,0.42104211420292753,0.2267433864508198,0.17154811715481172,0.2222222222222222,False,False,True,False
1009,2025-03-02,Hyderabad,Pune,915.3,100.9,463.0,5.0,2025-03-03,2025-03-08,3856.07,Delayed,False,False,0.335597940754494,0.1592646250686916,0.36635408757308335,0.9246861924686193,0.4444444444444444,False,False,True,False
1010,2025-01-29,Bengaluru,Hyderabad,1140.3,281.4,275.5,3.0,2025-01-30,2025-02-02,3255.18,On Time,False,False,0.4305426618280023,0.5199580356696807,0.30614230068667525,0.5324267782426778,0.2222222222222222,False,True,False,False
1011,2025-06-07,Chennai,Kolkata,1548.2,416.6,382.0,4.0,2025-06-09,2025-06-13,10179.607500000002,On Time,True,False,0.6026668917208203,0.7901283908677624,1.0,0.7552301255230126,0.3333333333333333,True,False,False,False
1012,2025-10-20,Pune,Kolkata,827.9,427.0,138.0,4.0,2025-10-22,2025-10-26,3886.51,On Time,False,False,0.29871719132416236,0.8109107258829995,0.36940430773454763,0.24476987447698745,0.3333333333333333,False,False,True,False
1013,2025-08-09,Delhi,Delhi,270.9,85.9,315.0,1.0,2025-08-11,2025-08-12,689.83,On Time,False,False,0.06367625959996623,0.1292901034120997,0.049083092696781905,0.6150627615062761,0.0,False,False,True,False
1014,2025-08-17,Chennai,Ahmedabad,237.5,220.35000000000002,337.0,2.0,2025-08-18,2025-08-20,364.96,On Time,False,False,0.04958224322727656,0.3979617325273518,0.016529708207462062,0.6610878661087866,0.1111111111111111,False,True,False,False
1015,2025-08-04,Bengaluru,Hyderabad,533.3,101.3,437.0,3.0,2025-08-06,2025-08-09,600.03,On Time,False,False,0.17440290319858212,0.16006394564620072,0.04008474281177891,0.8702928870292888,0.2222222222222222,False,True,False,False
1016,2025-08-24,Pune,Chennai,509.1,54.5,275.5,2.0,2025-08-25,2025-08-27,686.43,Delayed,False,False,0.16419107097645372,0.066543438077634,0.04874239793498891,0.5324267782426778,0.1111111111111111,False,False,True,False
1017,2025-06-03,Kolkata,Kolkata,1030.4,378.4,373.0,2.0,2025-06-04,2025-06-06,10179.607500000002,On Time,True,False,0.38416744029031985,0.7137932757156417,1.0,0.7364016736401674,0.1111111111111111,True,False,False,False
1018,2025-02-08,Kolkata,Hyderabad,565.0,167.5,113.0,2.0,2025-02-09,2025-02-11,1270.59,Delayed,False,False,0.18777955945649422,0.29235150122395964,0.1072777661846921,0.19246861924686193,0.1111111111111111,False,False,False,True
1019,2025-09-09,Mumbai,Hyderabad,783.8,352.1,292.0,4.0,2025-09-11,2025-09-14,3260.72,On Time,False,False,0.28010802599375473,0.6612379477444174,0.3066974327397144,0.5669456066945606,0.3333333333333333,False,False,True,False
1020,2025-05-16,Mumbai,Kolkata,751.7,336.5,442.0,2.0,2025-05-18,2025-05-20,3390.03,On Time,False,False,0.2665625791206009,0.6300644452215617,0.3196548561654353,0.8807531380753139,0.1111111111111111,False,False,True,False
1021,2025-05-31,Mumbai,Chennai,901.8,315.4,49.0,4.0,2025-05-31,2025-06-04,3505.56,On Time,False,False,0.32990125749008353,0.5879002847579557,0.3312314637624776,0.058577405857740586,0.3333333333333333,False,False,True,False
1022,2025-04-22,Mumbai,Hyderabad,1695.1,230.4,91.0,6.0,2025-04-24,2025-04-30,6208.17,Delayed,False,False,0.6646552451683686,0.41804466203726837,0.6020447196946371,0.14644351464435146,0.5555555555555556,False,False,True,False
1023,2025-02-24,Pune,Hyderabad,1397.9,108.0,410.0,3.0,2025-02-24,2025-02-27,2124.52,On Time,False,False,0.5392438180437168,0.17345256531947845,0.1928452596958347,0.8138075313807531,0.2222222222222222,False,True,False,False
1024,2025-10-06,Pune,Bengaluru,1107.3,220.35000000000002,29.0,3.0,2025-10-07,2025-10-10,2388.03,On Time,False,False,0.4166174360705544,0.3979617325273518,0.2192501057782082,0.016736401673640166,0.2222222222222222,False,True,False,False
1025,2025-08-23,Pune,Mumbai,892.5,430.5,348.0,3.0,2025-08-25,2025-08-28,3007.96,On Time,False,False,0.3259768756857119,0.8179047809362042,0.281369783330657,0.6841004184100419,0.2222222222222222,False,True,False,False
1026,2025-07-13,Mumbai,Kolkata,905.0,356.6,275.5,3.0,2025-07-14,2025-07-17,4747.76,On Time,False,False,0.33125158241201785,0.6702303042413948,0.45570529702696216,0.5324267782426778,0.2222222222222222,False,False,True,False
1027,2025-05-01,Mumbai,Bengaluru,1247.5,228.8,186.0,3.0,2025-05-01,2025-05-04,4254.42,On Time,False,False,0.47577854671280273,0.4148473797272319,0.4062704870907998,0.34518828451882844,0.2222222222222222,False,False,True,False
1028,2025-09-04,Chennai,Ahmedabad,1362.9,193.2,275.5,4.0,2025-09-05,2025-09-09,4250.19,On Time,False,False,0.5244746392100599,0.34370784832892043,0.4058466227253926,0.5324267782426778,0.3333333333333333,False,False,True,False
1029,2025-06-13,Bengaluru,Bengaluru,691.6,213.1,427.0,1.0,2025-06-14,2025-06-15,8630.24,On Time,False,False,0.24120178918052154,0.383474047059999,0.8447466496052073,0.8493723849372385,0.0,True,False,False,False
1030,2025-05-14,Chennai,Chennai,1116.4,239.1,176.0,5.0,2025-05-15,2025-05-20,4652.96,Delayed,False,False,0.4204574225673053,0.4354298845980916,0.44620592543344006,0.32426778242677823,0.4444444444444444,False,False,True,False
1031,2025-05-16,Kolkata,Bengaluru,185.8,199.8,22.0,1.0,2025-05-16,2025-05-17,3856.07,On Time,False,False,0.02776605620727488,0.3568966378578209,0.36635408757308335,0.0020920502092050207,0.0,False,False,True,False
1032,2025-03-10,Delhi,Delhi,1195.3,288.9,81.0,3.0,2025-03-11,2025-03-14,10179.607500000002,On Time,True,False,0.4537513714237488,0.5349452964979767,1.0,0.12552301255230125,0.2222222222222222,True,False,False,False
1033,2025-01-28,Hyderabad,Mumbai,1443.0,284.0,71.0,6.0,2025-01-28,2025-02-03,5599.92,On Time,False,False,0.5582749599122289,0.52515361942349,0.541095428853289,0.10460251046025104,0.5555555555555556,False,False,True,False
1034,2025-06-16,Chennai,Hyderabad,974.0,220.35000000000002,491.0,3.0,2025-06-17,2025-06-20,1801.93,On Time,False,False,0.3603679635412271,0.3979617325273518,0.16052034110559957,0.9832635983263598,0.2222222222222222,False,True,False,False
1035,2025-09-24,Mumbai,Ahmedabad,1917.4,263.6,306.0,4.0,2025-09-26,2025-09-30,10179.607500000002,Delayed,True,False,0.7584606295889949,0.4843882699705251,1.0,0.5962343096234309,0.3333333333333333,True,False,False,False
1036,2025-01-20,Hyderabad,Pune,703.4,275.4,344.0,3.0,2025-01-22,2025-01-25,2327.72,On Time,False,False,0.2461811123301544,0.507968227007044,0.2132067819300508,0.6757322175732218,0.2222222222222222,False,False,True,False
1037,2025-09-15,Ahmedabad,Bengaluru,1197.8,221.4,130.0,5.0,2025-09-16,2025-09-21,3184.51,On Time,False,False,0.45480631276901,0.4000599490433132,0.29906085985846637,0.2280334728033473,0.4444444444444444,False,True,False,False
1038,2025-09-06,Mumbai,Mumbai,1083.9,146.6,428.0,2.0,2025-09-08,2025-09-10,1668.4,Delayed,False,False,0.4067431850789096,0.25058700104910825,0.14714005535788854,0.8514644351464435,0.1111111111111111,False,True,False,False
1039,2025-03-25,Kolkata,Ahmedabad,1054.9,186.0,366.0,2.0,2025-03-25,2025-03-27,2186.87,On Time,False,False,0.39450586547387967,0.32932007793375634,0.19909300040106784,0.7217573221757322,0.1111111111111111,False,True,False,False
1040,2025-07-09,Pune,Kolkata,1048.6,130.3,381.0,5.0,2025-07-11,2025-07-16,3225.97,On Time,False,False,0.39184741328382133,0.21801468751561173,0.30321533186550664,0.7531380753138075,0.4444444444444444,False,False,True,False
1041,2025-02-19,Hyderabad,Chennai,1148.2,267.2,244.0,3.0,2025-02-20,2025-02-23,2902.78,On Time,False,False,0.43387627647902777,0.4915821551681071,0.2708302906702493,0.4665271966527197,0.2222222222222222,False,True,False,False
1042,2025-08-16,Pune,Ahmedabad,1481.6,86.2,355.0,4.0,2025-08-18,2025-08-22,3330.92,On Time,False,False,0.5745632542830618,0.12988959384523155,0.31373177752732256,0.698744769874477,0.3333333333333333,False,False,True,False
1043,2025-07-30,Kolkata,Hyderabad,1720.0,452.5,281.0,4.0,2025-08-01,2025-08-05,8528.65,On Time,False,False,0.6751624609671701,0.8618674126992056,0.8345668905315162,0.5439330543933054,0.3333333333333333,False,False,True,False
1044,2025-04-17,Chennai,Hyderabad,1099.0,406.9,204.0,3.0,2025-04-18,2025-04-21,5263.07,On Time,False,False,0.41311503080428724,0.7707448668631662,0.5073415963503574,0.38284518828451886,0.2222222222222222,False,False,True,False
1045,2025-01-21,Hyderabad,Chennai,1466.9,278.7,305.0,4.0,2025-01-22,2025-01-26,5479.5,On Time,False,False,0.568360199172926,0.5145626217714943,0.529028822025315,0.5941422594142259,0.3333333333333333,False,False,True,False
1046,2025-10-19,Delhi,Ahmedabad,784.2,346.2,175.0,4.0,2025-10-21,2025-10-24,3509.3,On Time,False,False,0.28027681660899656,0.6494479692261578,0.33160622800044987,0.32217573221757323,0.3333333333333333,False,False,True,False
1047,2025-05-14,Delhi,Kolkata,1444.7,334.8,477.0,5.0,2025-05-14,2025-05-19,3856.07,Delayed,False,False,0.5589923200270065,0.6266673327671479,0.36635408757308335,0.9539748953974896,0.4444444444444444,False,False,True,False
1048,2025-09-25,Bengaluru,Bengaluru,757.1,241.0,364.0,2.0,2025-09-25,2025-09-27,2064.74,On Time,False,False,0.2688412524263651,0.43922665734125993,0.18685504414878035,0.7175732217573222,0.1111111111111111,False,True,False,False
1049,2025-07-23,Hyderabad,Pune,1590.8,202.8,275.5,6.0,2025-07-24,2025-07-30,3856.07,On Time,False,False,0.6206430922440712,0.36289154218913927,0.36635408757308335,0.5324267782426778,0.5555555555555556,False,False,True,False
1050,2025-08-22,Mumbai,Hyderabad,2094.8,190.8,364.0,5.0,2025-08-23,2025-08-28,6825.25,On Time,False,False,0.8333192674487299,0.33891192486386573,0.6638788148732301,0.7175732217573222,0.4444444444444444,False,False,True,False
1051,2025-08-16,Bengaluru,Delhi,1045.1,460.8,235.0,3.0,2025-08-18,2025-08-22,10179.607500000002,On Time,False,False,0.39037049540045565,0.8784533146825199,1.0,0.4476987447698745,0.2222222222222222,True,False,False,False
1052,2025-02-28,Chennai,Chennai,120.0,143.7,476.0,3.0,2025-02-28,2025-03-03,213.99,On Time,False,False,0.0,0.24479192686216714,0.0014018587404364357,0.9518828451882845,0.2222222222222222,False,False,True,False
1053,2025-04-20,Bengaluru,Chennai,853.4,145.2,119.0,3.0,2025-04-21,2025-04-24,2247.73,On Time,False,False,0.3094775930458266,0.2477893790278263,0.2051914366371623,0.20502092050209206,0.2222222222222222,False,False,True,False
1054,2025-05-21,Ahmedabad,Ahmedabad,1654.3,361.4,292.0,5.0,2025-05-21,2025-05-26,7297.39,Delayed,False,False,0.6474386024137058,0.6798221511715041,0.7111892927652714,0.5669456066945606,0.4444444444444444,False,False,True,False
1055,2025-05-30,Mumbai,Hyderabad,1348.9,344.6,53.0,3.0,2025-05-30,2025-06-02,5856.49,On Time,False,False,0.5185669676765972,0.6462506869161213,0.5668048568042379,0.06694560669456066,0.2222222222222222,False,False,True,False
1056,2025-01-14,Ahmedabad,Chennai,1212.0,196.6,161.0,3.0,2025-01-16,2025-01-19,2528.04,Delayed,False,False,0.4607983796100936,0.3505020732377479,0.23327971566015993,0.2928870292887029,0.2222222222222222,False,True,False,False
1057,2025-06-13,Kolkata,Hyderabad,1553.9,293.8,295.0,8.0,2025-06-15,2025-06-23,2861.31,On Time,False,False,0.6050721579880158,0.5447369735724634,0.26667481661979187,0.5732217573221757,0.7777777777777778,False,False,False,True
1058,2025-02-16,Pune,Hyderabad,1318.0,313.2,254.0,4.0,2025-02-18,2025-02-22,4861.46,On Time,False,False,0.5055278926491686,0.5835040215816556,0.46709853067868645,0.4874476987447699,0.3333333333333333,False,False,True,False
1059,2025-08-12,Kolkata,Kolkata,1648.0,104.9,471.0,4.0,2025-08-12,2025-08-16,4094.69,On Time,False,False,0.6447801502236475,0.1672578308437828,0.39026484759044877,0.9414225941422594,0.3333333333333333,False,False,True,False
1060,2025-07-24,Chennai,Kolkata,1513.7,419.9,314.0,5.0,2025-07-25,2025-07-30,5102.4,On Time,False,False,0.5881087011562157,0.7967227856322125,0.49124176476880466,0.6129707112970711,0.4444444444444444,False,True,False,False
1061,2025-10-04,Pune,Ahmedabad,1784.8,313.1,217.0,8.0,2025-10-06,2025-10-14,3742.78,On Time,False,False,0.7025065406363405,0.5833041914372784,0.35500193770145766,0.4100418410041841,0.7777777777777778,False,False,False,True
1062,2025-08-12,Hyderabad,Bengaluru,1261.5,281.3,224.0,3.0,2025-08-12,2025-08-15,5292.02,On Time,False,False,0.48168621824626545,0.5197582055253035,0.510242512042683,0.4246861924686193,0.2222222222222222,False,False,True,False
1063,2025-04-20,Delhi,Delhi,1507.4,314.4,313.0,3.0,2025-04-22,2025-04-25,4765.16,On Time,False,False,0.5854502489661575,0.5859019833141829,0.4574488525726086,0.6108786610878661,0.2222222222222222,False,True,False,False
1064,2025-10-18,Hyderabad,Hyderabad,961.8,264.4,399.0,4.0,2025-10-20,2025-10-24,2047.04,On Time,False,False,0.3552198497763524,0.48598691112554326,0.18508142730062277,0.7907949790794979,0.3333333333333333,False,False,False,True
1065,2025-05-04,Pune,Bengaluru,829.3,214.9,152.0,2.0,2025-05-05,2025-05-07,2301.0,On Time,False,False,0.29930795847750863,0.38707098965879005,0.21052932191972476,0.27405857740585776,0.1111111111111111,False,True,False,False
1066,2025-04-08,Kolkata,Bengaluru,1868.0,66.1,300.0,6.0,2025-04-09,2025-04-15,4518.49,On Time,False,False,0.7376149886066334,0.08972373482539839,0.4327314476045274,0.5836820083682008,0.5555555555555556,False,False,True,False
1067,2025-09-29,Ahmedabad,Hyderabad,1197.3,242.1,295.0,2.0,2025-09-29,2025-10-01,10179.607500000002,On Time,True,False,0.45459532449995776,0.44142478892941,1.0,0.5732217573221757,0.1111111111111111,True,False,False,False
1068,2025-04-22,Hyderabad,Ahmedabad,1462.2,99.3,24.0,3.0,2025-04-24,2025-04-27,10179.607500000002,On Time,True,False,0.5663769094438349,0.15606734275865514,1.0,0.006276150627615063,0.2222222222222222,True,False,False,False
1069,2025-01-23,Chennai,Chennai,1155.7,521.625,458.0,3.0,2025-01-25,2025-01-28,7137.21,On Time,False,True,0.4370411005148114,1.0,0.6951385613111536,0.9142259414225942,0.2222222222222222,False,False,True,False
1070,2025-05-21,Mumbai,Kolkata,836.1,213.0,293.0,4.0,2025-05-23,2025-05-27,3052.56,On Time,False,False,0.3021773989366191,0.38327421691562175,0.28583889697064735,0.5690376569037657,0.3333333333333333,False,False,True,False
1071,2025-08-27,Hyderabad,Delhi,1104.9,521.625,136.0,5.0,2025-08-29,2025-09-03,6450.16,Delayed,False,True,0.41560469237910375,1.0,0.6262931683435444,0.2405857740585774,0.4444444444444444,False,False,True,False
1072,2025-02-26,Delhi,Hyderabad,1746.2,244.2,324.0,5.0,2025-02-27,2025-03-04,6328.92,On Time,False,False,0.6862182462655076,0.44562122196133286,0.6141443939553733,0.6338912133891214,0.4444444444444444,False,False,True,False
1073,2025-05-19,Pune,Kolkata,1349.9,162.9,345.0,4.0,2025-05-21,2025-05-25,3977.71,On Time,False,False,0.5189889442147017,0.2831593145826048,0.37854294369793595,0.6778242677824268,0.3333333333333333,False,False,True,False
1074,2025-02-08,Bengaluru,Chennai,329.8,413.9,459.0,1.0,2025-02-08,2025-02-09,1264.66,On Time,False,False,0.0885306776943202,0.7847329769695758,0.10668355443838848,0.9163179916317992,0.0,False,True,False,False
1075,2025-07-25,Kolkata,Hyderabad,1003.1,275.6,275.5,2.0,2025-07-27,2025-07-29,10179.607500000002,On Time,True,False,0.3726474808000675,0.5083678872957986,1.0,0.5324267782426778,0.1111111111111111,True,False,False,False
1076,2025-05-23,Delhi,Kolkata,1902.0,521.625,218.0,6.0,2025-05-23,2025-05-29,10179.607500000002,Delayed,True,True,0.7519621909021857,1.0,1.0,0.4121338912133891,0.5555555555555556,False,False,True,False
1077,2025-04-10,Hyderabad,Kolkata,1003.8,160.7,106.0,2.0,2025-04-11,2025-04-13,1304.56,On Time,False,False,0.3729428643767406,0.27876305140630464,0.11068170767237086,0.17782426778242677,0.1111111111111111,False,True,False,False
1078,2025-03-10,Delhi,Kolkata,289.8,422.5,295.0,2.0,2025-03-10,2025-03-12,1476.89,Delayed,False,False,0.07165161617014094,0.8019183693860219,0.1279499218781901,0.5732217573221757,0.1111111111111111,False,True,False,False
1079,2025-06-19,Kolkata,Chennai,1951.9,433.7,260.0,8.0,2025-06-19,2025-06-27,4865.09,Delayed,False,False,0.7730188201535995,0.8242993455562772,0.4674622724390713,0.5,0.7777777777777778,False,False,False,True
1080,2025-07-20,Pune,Delhi,1407.1,326.2,247.0,3.0,2025-07-21,2025-07-24,4120.17,On Time,False,False,0.5431260021942779,0.6094819403507019,0.39281805421706206,0.47280334728033474,0.2222222222222222,False,True,False,False
1081,2025-10-10,Ahmedabad,Pune,1068.5,435.4,491.0,3.0,2025-10-11,2025-10-14,4045.66,On Time,False,False,0.40024474639210056,0.8276964580106909,0.3853518287167105,0.9832635983263598,0.2222222222222222,False,True,False,False
1082,2025-05-12,Ahmedabad,Mumbai,932.9,228.8,275.0,4.0,2025-05-12,2025-05-16,3277.81,On Time,False,False,0.3430247278251329,0.4148473797272319,0.3084099249394327,0.5313807531380753,0.3333333333333333,False,False,True,False
1083,2025-02-18,Ahmedabad,Chennai,1587.1,143.3,217.0,6.0,2025-02-20,2025-02-26,4995.82,On Time,False,False,0.6190817790530846,0.24399260628465805,0.4805619860300116,0.4100418410041841,0.5555555555555556,False,False,True,False
1084,2025-09-07,Bengaluru,Hyderabad,856.1,170.9,52.0,2.0,2025-09-07,2025-09-09,2265.76,On Time,False,False,0.31061692969870874,0.29914572613278717,0.20699812091808217,0.06485355648535565,0.1111111111111111,False,False,True,False
1085,2025-07-08,Delhi,Delhi,1616.7,235.6,159.0,5.0,2025-07-10,2025-07-15,6485.98,On Time,False,False,0.6315722845809773,0.42843582954488685,0.6298824878633752,0.28870292887029286,0.4444444444444444,False,False,True,False
1086,2025-07-30,Pune,Hyderabad,1344.0,334.6,450.0,7.0,2025-07-30,2025-08-06,3222.12,On Time,False,False,0.5164992826398852,0.6262676724783934,0.302829545149947,0.897489539748954,0.6666666666666666,False,False,False,True
1087,2025-01-30,Pune,Hyderabad,1210.1,148.9,236.0,3.0,2025-01-31,2025-02-03,3592.32,On Time,False,False,0.4599966241876951,0.2551830943697857,0.33992519244870095,0.4497907949790795,0.2222222222222222,False,False,True,False
1088,2025-04-04,Ahmedabad,Hyderabad,1165.5,190.9,456.0,5.0,2025-04-04,2025-04-09,4194.13,On Time,False,False,0.4411764705882353,0.33911175500824303,0.40022916732947655,0.9100418410041841,0.4444444444444444,False,False,True,False
1089,2025-08-19,Hyderabad,Chennai,1021.3,228.8,275.0,5.0,2025-08-21,2025-08-26,2678.84,On Time,False,False,0.380327453793569,0.4148473797272319,0.24839053038909592,0.5313807531380753,0.4444444444444444,False,False,True,False
1090,2025-09-07,Delhi,Mumbai,1570.5,364.4,283.0,5.0,2025-09-09,2025-09-14,7032.49,Delayed,False,False,0.6120769685205502,0.6858170555028226,0.6846451626479296,0.5481171548117155,0.4444444444444444,False,False,True,False
1091,2025-05-11,Bengaluru,Ahmedabad,710.6,521.625,226.0,4.0,2025-05-11,2025-05-15,4610.0,On Time,False,True,0.2492193434045067,1.0,0.44190114691384397,0.42887029288702927,0.3333333333333333,False,False,True,False
1092,2025-08-30,Kolkata,Chennai,370.1,129.8,287.0,3.0,2025-08-30,2025-09-02,2519.3,On Time,False,False,0.1055363321799308,0.21701553679372534,0.23240392971366858,0.5564853556485355,0.2222222222222222,True,False,False,False
1093,2025-09-10,Pune,Pune,1376.5,300.7,52.0,5.0,2025-09-11,2025-09-16,2959.16,Delayed,False,False,0.5302135201282808,0.5585252535344957,0.2764798114555106,0.06485355648535565,0.4444444444444444,False,False,False,True
1094,2025-04-27,Kolkata,Delhi,1384.1,387.1,47.0,6.0,2025-04-29,2025-05-05,6669.42,On Time,False,False,0.5334205418178748,0.7311784982764651,0.6482639723055239,0.05439330543933055,0.5555555555555556,False,False,True,False
1095,2025-09-27,Chennai,Delhi,1316.1,205.7,248.0,3.0,2025-09-27,2025-09-30,3523.7,On Time,False,False,0.5047261372267701,0.3686866163760803,0.3330491705209848,0.47489539748953974,0.2222222222222222,False,True,False,False
1096,2025-03-28,Mumbai,Pune,1283.5,521.625,307.0,3.0,2025-03-28,2025-03-31,1723.11,On Time,False,True,0.4909697020845641,1.0,0.1526222348925045,0.5983263598326359,0.2222222222222222,False,True,False,False
1097,2025-03-13,Pune,Ahmedabad,955.8,412.0,284.0,3.0,2025-03-14,2025-03-17,5156.75,On Time,False,False,0.3526879905477255,0.7809362042264075,0.49668787074040727,0.5502092050209205,0.2222222222222222,False,False,True,False
1098,2025-07-24,Pune,Pune,1454.4,98.8,225.0,5.0,2025-07-24,2025-07-29,3527.79,Delayed,False,False,0.56308549244662,0.15506819203676872,0.33345900627855346,0.42677824267782427,0.4444444444444444,False,False,True,False
1099,2025-07-11,Mumbai,Pune,1079.5,472.1,161.0,4.0,2025-07-11,2025-07-15,3709.46,On Time,False,False,0.40488648831124985,0.9010341209971525,0.35166312903588637,0.2928870292887029,0.3333333333333333,False,True,False,False
1100,2025-02-11,Kolkata,Delhi,880.8,153.7,360.0,4.0,2025-02-11,2025-02-14,2234.18,On Time,False,False,0.3210397501898894,0.2647749412998951,0.2038336678070755,0.7092050209205021,0.3333333333333333,False,False,True,False
1101,2025-09-07,Kolkata,Ahmedabad,959.6,90.2,310.0,5.0,2025-09-08,2025-09-13,861.87,On Time,False,False,0.3542915013925226,0.1378827996203227,0.06632224764350701,0.604602510460251,0.4444444444444444,False,False,False,True
1102,2025-03-01,Kolkata,Hyderabad,2009.3,177.9,42.0,3.0,2025-03-03,2025-03-06,10179.607500000002,On Time,True,False,0.7972402734407966,0.3131338362391967,1.0,0.043933054393305436,0.2222222222222222,True,False,False,False
1103,2025-08-30,Ahmedabad,Delhi,319.3,226.0,237.0,3.0,2025-08-31,2025-09-02,410.27,On Time,False,False,0.08409992404422315,0.40925213568466806,0.021069966930062124,0.45188284518828453,0.2222222222222222,False,True,False,False
1104,2025-01-03,Delhi,Delhi,1324.9,250.8,361.0,4.0,2025-01-03,2025-01-07,3473.39,On Time,False,False,0.5084395307620896,0.4588100114902333,0.3280078900898657,0.7112970711297071,0.3333333333333333,False,True,False,False
1105,2025-08-28,Chennai,Pune,344.4,313.4,396.0,2.0,2025-08-29,2025-08-31,1230.54,On Time,False,False,0.0946915351506456,0.5839036818704101,0.10326458229945414,0.7845188284518828,0.1111111111111111,False,False,True,False
1106,2025-08-25,Delhi,Chennai,1051.3,262.4,157.0,3.0,2025-08-26,2025-08-29,3597.39,On Time,False,False,0.39298674993670346,0.48199030823799766,0.3404332284611393,0.28451882845188287,0.2222222222222222,False,False,True,False
1107,2025-08-23,Delhi,Pune,904.9,521.6,275.5,4.0,2025-08-23,2025-08-27,1758.7,On Time,False,False,0.3312093847582074,0.9999500424639057,0.15618850741374346,0.5324267782426778,0.3333333333333333,False,False,False,True
1108,2025-07-19,Ahmedabad,Delhi,161.7,220.5,332.0,3.0,2025-07-19,2025-07-22,659.48,Delayed,False,False,0.017596421638956868,0.3982614777439177,0.046041890926070986,0.6506276150627615,0.2222222222222222,False,False,True,False
1109,2025-05-22,Ahmedabad,Chennai,1275.1,269.6,275.5,4.0,2025-05-22,2025-05-26,4790.23,On Time,False,False,0.4874250991644864,0.49637807863316186,0.45996097541912334,0.5324267782426778,0.3333333333333333,False,False,True,False
1110,2025-07-31,Mumbai,Chennai,929.0,258.2,275.5,4.0,2025-08-02,2025-08-06,3481.47,On Time,False,False,0.3413790193265254,0.47359744217415195,0.32881754117083256,0.5324267782426778,0.3333333333333333,False,False,True,False
1111,2025-03-25,Hyderabad,Chennai,155.4,83.7,438.0,1.0,2025-03-27,2025-03-28,3856.07,On Time,False,False,0.014937969448898643,0.12489384023579957,0.36635408757308335,0.8723849372384938,0.0,False,False,True,False
1112,2025-08-23,Delhi,Hyderabad,1477.8,220.35000000000002,128.0,5.0,2025-08-23,2025-08-28,2956.69,On Time,False,False,0.5729597434382647,0.3979617325273518,0.2762323067315022,0.22384937238493724,0.4444444444444444,False,True,False,False
1113,2025-06-16,Delhi,Ahmedabad,1745.8,236.1,92.0,5.0,2025-06-16,2025-06-21,4062.85,On Time,False,False,0.6860494556502658,0.42943498026677324,0.38707434135059915,0.14853556485355648,0.4444444444444444,False,True,False,False
1114,2025-05-18,Chennai,Ahmedabad,1770.6,286.2,231.0,5.0,2025-05-19,2025-05-24,6674.41,Delayed,False,False,0.6965144737952569,0.5295498825997902,0.648763991970626,0.4393305439330544,0.4444444444444444,False,False,True,False
1115,2025-06-01,Delhi,Hyderabad,1261.5,220.35000000000002,60.0,5.0,2025-06-01,2025-06-06,1942.2,On Time,False,False,0.48168621824626545,0.3979617325273518,0.17457600411639432,0.08158995815899582,0.4444444444444444,False,True,False,False
1116,2025-06-20,Kolkata,Delhi,1120.7,521.625,421.0,3.0,2025-06-22,2025-06-25,6643.5,Delayed,False,True,0.4222719216811545,1.0,0.645666675768561,0.8368200836820083,0.2222222222222222,False,False,True,False
1117,2025-01-12,Ahmedabad,Ahmedabad,1697.7,297.9,485.0,3.0,2025-01-14,2025-01-17,10179.607500000002,Delayed,True,False,0.6657523841674402,0.5529300094919318,1.0,0.9707112970711297,0.2222222222222222,True,False,False,False
1118,2025-02-11,Bengaluru,Bengaluru,1857.1,229.3,310.0,7.0,2025-02-11,2025-02-18,6269.35,On Time,False,False,0.7330154443412945,0.4158465304491183,0.6081752213200768,0.604602510460251,0.6666666666666666,False,False,True,False
1119,2025-03-15,Hyderabad,Bengaluru,1610.1,291.0,490.0,7.0,2025-03-15,2025-03-22,2990.36,On Time,False,False,0.6287872394294877,0.5391417295298996,0.2796061869166698,0.9811715481171548,0.6666666666666666,False,False,False,True
1120,2025-02-04,Kolkata,Hyderabad,676.3,172.4,52.0,1.0,2025-02-04,2025-02-05,6213.04,On Time,False,False,0.23474554814752296,0.30214317829844634,0.6025327148387347,0.06485355648535565,0.0,True,False,False,False
1121,2025-05-12,Mumbai,Pune,1190.6,252.2,323.0,3.0,2025-05-13,2025-05-16,4166.79,On Time,False,False,0.4517680816946577,0.4616076335115152,0.3974895806272941,0.6317991631799164,0.2222222222222222,False,False,True,False
1122,2025-07-20,Mumbai,Ahmedabad,1297.8,272.9,232.0,3.0,2025-07-22,2025-07-25,5204.42,On Time,False,False,0.4970039665794581,0.502972473397612,0.5014646117094284,0.44142259414225943,0.2222222222222222,False,False,True,False
1123,2025-07-16,Chennai,Bengaluru,285.7,414.4,153.0,2.0,2025-07-17,2025-07-19,2528.04,On Time,False,False,0.06992151236391256,0.7857321276914622,0.23327971566015993,0.27615062761506276,0.1111111111111111,False,True,False,False
1124,2025-05-22,Delhi,Bengaluru,1311.2,210.3,169.0,3.0,2025-05-22,2025-05-25,10179.607500000002,Delayed,True,False,0.5026584521900582,0.3778788030174352,1.0,0.30962343096234307,0.2222222222222222,True,False,False,False
1125,2025-09-14,Pune,Hyderabad,2122.8,100.4,281.0,5.0,2025-09-14,2025-09-19,5319.34,On Time,False,False,0.8451346105156553,0.1582654743468052,0.5129800946580313,0.5439330543933054,0.4444444444444444,False,False,True,False
1126,2025-06-19,Pune,Chennai,1388.0,141.2,327.0,5.0,2025-06-19,2025-06-24,2592.83,On Time,False,False,0.5350662503164824,0.23979617325273514,0.2397719549591504,0.6401673640167364,0.4444444444444444,False,True,False,False
1127,2025-01-24,Pune,Chennai,1763.0,521.625,98.0,4.0,2025-01-24,2025-01-28,5401.34,On Time,False,True,0.6933074521056629,1.0,0.5211968506777445,0.16108786610878661,0.3333333333333333,False,False,True,False
1128,2025-08-18,Hyderabad,Hyderabad,1182.3,228.8,314.0,4.0,2025-08-19,2025-08-23,2894.91,On Time,False,False,0.44826567642839055,0.4148473797272319,0.27004168250104016,0.6129707112970711,0.3333333333333333,False,False,True,False
1129,2025-06-22,Bengaluru,Mumbai,1067.1,132.6,464.0,5.0,2025-06-23,2025-06-28,2861.7,On Time,False,False,0.39965397923875423,0.22261078083628913,0.2667138963130563,0.9267782426778243,0.4444444444444444,False,False,True,False
1130,2025-07-10,Hyderabad,Chennai,1271.6,141.9,24.0,3.0,2025-07-10,2025-07-13,3524.19,On Time,False,False,0.4859481812811207,0.24119498426337613,0.33309827064841974,0.006276150627615063,0.2222222222222222,False,False,True,False
1131,2025-06-19,Kolkata,Hyderabad,732.9,194.4,441.0,2.0,2025-06-19,2025-06-21,2433.35,On Time,False,False,0.2586294202042366,0.3461058100614478,0.22379136654422527,0.8786610878661087,0.1111111111111111,False,False,True,False
1132,2025-06-16,Hyderabad,Ahmedabad,666.3,296.0,275.5,2.0,2025-06-18,2025-06-20,1587.21,Delayed,False,False,0.23052578276647814,0.5491332367487636,0.13900446485495543,0.5324267782426778,0.1111111111111111,False,True,False,False
1133,2025-01-28,Pune,Bengaluru,1669.8,189.6,184.0,5.0,2025-01-30,2025-02-04,5823.45,On Time,False,False,0.6539792387543252,0.33651396313133836,0.5634941053543437,0.3410041841004184,0.4444444444444444,False,False,True,False
1134,2025-06-17,Pune,Kolkata,1717.6,306.0,372.0,4.0,2025-06-18,2025-06-22,4835.51,Delayed,False,False,0.6741497172757194,0.5691162511864915,0.46449822801147234,0.7343096234309623,0.3333333333333333,False,True,False,False
1135,2025-08-27,Bengaluru,Kolkata,654.0,229.4,316.0,5.0,2025-08-28,2025-09-02,909.07,On Time,False,False,0.22533547134779305,0.41604636059349553,0.07105189257192729,0.6171548117154811,0.4444444444444444,False,False,False,True
1136,2025-04-02,Mumbai,Hyderabad,1535.6,135.2,275.5,4.0,2025-04-03,2025-04-07,4349.53,On Time,False,False,0.5973499873407038,0.22780636459009837,0.4158009220302501,0.5324267782426778,0.3333333333333333,False,False,True,False
1137,2025-06-30,Hyderabad,Bengaluru,1060.9,275.2,59.0,5.0,2025-07-01,2025-07-06,4136.52,On Time,False,False,0.39703772470250653,0.5075685667182894,0.39445639520391956,0.0794979079497908,0.4444444444444444,False,False,True,False
1138,2025-01-10,Chennai,Mumbai,1252.9,253.9,275.5,6.0,2025-01-10,2025-01-16,2684.94,On Time,False,False,0.478057220018567,0.465004745965929,0.24900177687348923,0.5324267782426778,0.5555555555555556,False,False,False,True
1139,2025-04-15,Hyderabad,Bengaluru,1307.1,310.1,328.0,3.0,2025-04-16,2025-04-19,5212.65,Delayed,False,False,0.5009283483838298,0.57730928710596,0.5022892934416507,0.6422594142259415,0.2222222222222222,False,False,True,False
1140,2025-05-12,Bengaluru,Kolkata,1547.5,342.2,165.0,3.0,2025-05-14,2025-05-17,2528.04,On Time,False,False,0.6023715081441472,0.6414547634510666,0.23327971566015993,0.301255230125523,0.2222222222222222,False,True,False,False
1141,2025-10-22,Ahmedabad,Hyderabad,1137.2,420.9,134.0,3.0,2025-10-23,2025-10-26,3770.43,On Time,False,False,0.4292345345598785,0.7987210870759853,0.3577725877495682,0.23640167364016737,0.2222222222222222,False,True,False,False
1142,2025-03-06,Chennai,Ahmedabad,1734.6,300.9,222.0,2.0,2025-03-08,2025-03-10,10179.607500000002,On Time,True,False,0.6813233184234956,0.5589249138232502,1.0,0.4205020920502092,0.1111111111111111,True,False,False,False
1143,2025-03-24,Ahmedabad,Ahmedabad,1239.2,249.6,368.0,3.0,2025-03-25,2025-03-28,4937.61,On Time,False,False,0.47227614144653557,0.45641204975770594,0.47472909129943225,0.7259414225941423,0.2222222222222222,False,False,True,False
1144,2025-05-03,Pune,Bengaluru,1380.9,521.625,106.0,5.0,2025-05-03,2025-05-08,5763.59,On Time,False,True,0.5320702168959406,1.0,0.5574958734599531,0.17782426778242677,0.4444444444444444,False,False,True,False
1145,2025-10-25,Chennai,Chennai,725.0,179.7,487.0,2.0,2025-10-26,2025-10-28,2203.43,On Time,False,False,0.25529580555321124,0.3167307788379877,0.20075238429968306,0.9748953974895398,0.1111111111111111,False,False,True,False
1146,2025-09-14,Kolkata,Kolkata,2071.4,172.6,221.0,7.0,2025-09-16,2025-09-23,6561.93,Delayed,False,False,0.823445016457085,0.3025428385872009,0.6374930076157804,0.41841004184100417,0.6666666666666666,False,False,True,False
1147,2025-01-11,Bengaluru,Delhi,1311.4,449.4,92.0,3.0,2025-01-12,2025-01-15,6726.46,On Time,False,False,0.5027428474976792,0.85567267822351,0.6539796279563098,0.14853556485355648,0.2222222222222222,False,False,True,False
1148,2025-03-12,Pune,Ahmedabad,1420.8,169.9,54.0,3.0,2025-03-13,2025-03-16,3416.02,On Time,False,False,0.5489070807663093,0.29714742468901434,0.32225916700631757,0.06903765690376569,0.2222222222222222,False,True,False,False
1149,2025-09-04,Hyderabad,Pune,376.3,143.9,431.0,2.0,2025-09-04,2025-09-06,565.27,On Time,False,False,0.10815258671617858,0.2451915871509217,0.036601639894154145,0.8577405857740585,0.1111111111111111,False,False,False,True
1150,2025-01-18,Pune,Pune,729.8,300.9,74.0,2.0,2025-01-20,2025-01-22,1852.05,On Time,False,False,0.2573212929361127,0.5589249138232502,0.165542582711795,0.1108786610878661,0.1111111111111111,False,True,False,False
1151,2025-09-14,Chennai,Chennai,1657.0,180.5,221.0,6.0,2025-09-15,2025-09-21,5087.88,Delayed,False,False,0.6485779390665879,0.31832941999300596,0.48978679772726524,0.41841004184100417,0.5555555555555556,False,False,True,False
1152,2025-03-26,Bengaluru,Chennai,1229.1,340.4,340.0,3.0,2025-03-26,2025-03-29,4986.36,On Time,False,False,0.46801417841168025,0.6378578208522755,0.47961405295749343,0.6673640167364017,0.2222222222222222,False,False,True,False
1153,2025-10-03,Kolkata,Pune,238.8,405.6,266.0,1.0,2025-10-04,2025-10-05,1323.24,On Time,False,False,0.05013081272681239,0.7681470749862618,0.1125535247753982,0.5125523012552301,0.0,False,False,True,False
1154,2025-03-30,Ahmedabad,Bengaluru,1567.2,155.1,146.0,4.0,2025-03-30,2025-04-03,10179.607500000002,On Time,True,False,0.6106844459448054,0.267572563321177,1.0,0.2615062761506276,0.3333333333333333,True,False,False,False
1155,2025-05-11,Chennai,Hyderabad,855.3,319.1,275.5,4.0,2025-05-13,2025-05-17,2122.69,Delayed,False,False,0.31027934846822514,0.5952940000999152,0.1926618857505167,0.5324267782426778,0.3333333333333333,False,False,False,True
1156,2025-07-18,Bengaluru,Kolkata,1735.1,167.7,361.0,4.0,2025-07-20,2025-07-24,4917.62,On Time,False,False,0.6815343066925478,0.2927511615127142,0.4727260065087729,0.7112970711297071,0.3333333333333333,False,False,True,False
1157,2025-02-07,Mumbai,Kolkata,1060.5,203.8,255.0,5.0,2025-02-07,2025-02-12,3568.05,Delayed,False,False,0.3968689340872647,0.36488984363291205,0.3374932330755493,0.4895397489539749,0.4444444444444444,False,False,True,False
1158,2025-06-17,Pune,Hyderabad,1192.1,268.8,43.0,3.0,2025-06-19,2025-06-22,3377.77,On Time,False,False,0.45240104650181445,0.4947794374781436,0.31842635093614646,0.04602510460251046,0.2222222222222222,False,True,False,False
1159,2025-06-01,Kolkata,Pune,1630.5,172.8,106.0,4.0,2025-06-01,2025-06-05,4402.35,Delayed,False,False,0.6373955608068191,0.3029424988759555,0.4210937153590459,0.17782426778242677,0.3333333333333333,False,False,True,False
1160,2025-08-24,Chennai,Chennai,696.1,256.7,275.5,2.0,2025-08-25,2025-08-27,8384.92,On Time,False,False,0.24310068360199172,0.4705999900084928,0.8201645204984263,0.5324267782426778,0.1111111111111111,True,False,False,False
1161,2025-10-26,Bengaluru,Pune,653.2,212.6,100.0,4.0,2025-10-27,2025-10-31,3856.07,On Time,False,False,0.22499789011730947,0.3824748963381126,0.36635408757308335,0.16527196652719664,0.3333333333333333,False,False,True,False
1162,2025-07-19,Kolkata,Delhi,1011.6,344.3,207.0,3.0,2025-07-19,2025-07-22,4475.41,On Time,False,False,0.3762342813739556,0.6456511964829895,0.4284146445639269,0.3891213389121339,0.2222222222222222,False,False,True,False
1163,2025-05-03,Pune,Kolkata,1472.2,344.7,79.0,5.0,2025-05-05,2025-05-10,4475.41,On Time,False,False,0.5705966748248797,0.6464505170604986,0.4284146445639269,0.12133891213389121,0.4444444444444444,False,True,False,False
1164,2025-05-02,Bengaluru,Ahmedabad,501.1,173.3,402.0,2.0,2025-05-04,2025-05-06,1771.12,Delayed,False,False,0.16081525867161786,0.30394164959784187,0.15743304533770489,0.797071129707113,0.1111111111111111,False,False,True,False
1165,2025-05-06,Bengaluru,Ahmedabad,349.4,271.9,322.0,4.0,2025-05-07,2025-05-11,752.88,Delayed,False,False,0.09680141784116801,0.5009741719538392,0.05540097644120772,0.6297071129707112,0.3333333333333333,False,False,False,True
1166,2025-09-02,Mumbai,Ahmedabad,1470.7,370.6,396.0,3.0,2025-09-02,2025-09-05,4789.26,On Time,False,False,0.569963710017723,0.6982065244542139,0.4598637772076707,0.7845188284518828,0.2222222222222222,False,True,False,False
1167,2025-04-07,Mumbai,Chennai,828.7,131.4,45.0,3.0,2025-04-09,2025-04-12,1694.62,Delayed,False,False,0.29905477255464596,0.2202128191037618,0.14976741319736267,0.0502092050209205,0.2222222222222222,False,True,False,False
1168,2025-02-20,Kolkata,Pune,923.5,211.9,200.0,4.0,2025-02-21,2025-02-25,3658.24,On Time,False,False,0.33905814836695075,0.38107608532747167,0.3465306626538167,0.37447698744769875,0.3333333333333333,False,False,True,False
1169,2025-04-11,Ahmedabad,Ahmedabad,264.4,213.1,148.0,1.0,2025-04-13,2025-04-14,3166.89,On Time,False,False,0.0609334121022871,0.383474047059999,0.297295259357645,0.26569037656903766,0.0,True,False,False,False
1170,2025-01-07,Ahmedabad,Ahmedabad,794.5,128.3,318.0,3.0,2025-01-08,2025-01-11,2052.46,On Time,False,False,0.28462317495147266,0.21401808462806615,0.18562453483265748,0.6213389121338913,0.2222222222222222,False,True,False,False
1171,2025-02-01,Hyderabad,Mumbai,1096.6,184.3,414.0,5.0,2025-02-01,2025-02-06,3759.98,On Time,False,False,0.4121022871128365,0.3259229654793426,0.35672545237876335,0.8221757322175732,0.4444444444444444,False,False,True,False
1172,2025-01-28,Hyderabad,Hyderabad,1518.7,494.7,129.0,5.0,2025-01-28,2025-02-02,7826.69,On Time,False,False,0.5902185838467381,0.9461957336264175,0.764227450829103,0.22594142259414227,0.4444444444444444,False,False,True,False
1173,2025-08-20,Kolkata,Ahmedabad,752.9,169.6,389.0,3.0,2025-08-20,2025-08-23,2325.27,On Time,False,False,0.26706895096632627,0.2965479342558825,0.21296128129287645,0.7698744769874477,0.2222222222222222,False,True,False,False
1174,2025-08-05,Delhi,Pune,1845.8,179.7,298.0,5.0,2025-08-05,2025-08-10,10179.607500000002,On Time,True,False,0.7282471094607139,0.3167307788379877,1.0,0.5794979079497908,0.4444444444444444,True,False,False,False
1175,2025-07-29,Mumbai,Delhi,791.9,90.2,415.0,4.0,2025-07-29,2025-08-02,1756.09,On Time,False,False,0.283526035952401,0.1378827996203227,0.15592697408189646,0.8242677824267782,0.3333333333333333,False,True,False,False
1176,2025-05-19,Chennai,Pune,792.6,299.2,59.0,5.0,2025-05-19,2025-05-22,1610.68,Delayed,False,False,0.2838214195290742,0.5555278013688365,0.14135626075474408,0.0794979079497908,0.4444444444444444,False,False,False,True
1177,2025-08-04,Chennai,Mumbai,1791.8,119.7,495.0,3.0,2025-08-06,2025-08-12,3540.88,On Time,False,False,0.7054603764030719,0.1968326922116201,0.33477068111145647,0.9916317991631799,0.2222222222222222,False,True,False,False
1178,2025-02-18,Delhi,Kolkata,1195.2,214.3,228.0,5.0,2025-02-20,2025-02-25,3865.8,On Time,False,False,0.45370917376993836,0.38587200879252637,0.3673290758178615,0.4330543933054393,0.4444444444444444,False,False,True,False
1179,2025-09-28,Chennai,Hyderabad,851.6,144.7,154.0,4.0,2025-09-28,2025-10-02,1825.78,On Time,False,False,0.30871803527723857,0.2467902283059399,0.16291021465523567,0.27824267782426776,0.3333333333333333,False,True,False,False
1180,2025-05-31,Mumbai,Kolkata,1030.2,256.4,107.0,5.0,2025-05-31,2025-06-05,3759.48,On Time,False,False,0.38408304498269896,0.4700004995753609,0.3566753502079114,0.1799163179916318,0.4444444444444444,False,False,True,False
1181,2025-10-09,Bengaluru,Hyderabad,1708.9,35.2,492.0,6.0,2025-10-11,2025-10-17,2825.15,On Time,False,False,0.6704785213942105,0.02797622021281911,0.26305142762378175,0.9853556485355649,0.5555555555555556,False,True,False,False
1182,2025-02-15,Ahmedabad,Delhi,1759.8,238.8,444.0,6.0,2025-02-16,2025-02-22,4344.56,On Time,False,False,0.6919571271837285,0.43483039416495983,0.41530290645198215,0.8849372384937239,0.5555555555555556,False,True,False,False
1183,2025-05-30,Hyderabad,Bengaluru,732.4,269.7,82.0,2.0,2025-05-31,2025-06-02,2147.3,On Time,False,False,0.2584184319351844,0.4965779087775391,0.1951279145998477,0.12761506276150628,0.1111111111111111,False,True,False,False
1184,2025-07-28,Kolkata,Hyderabad,1080.9,186.8,233.0,5.0,2025-07-30,2025-08-04,2810.74,On Time,False,False,0.4054772554645962,0.33091871908877457,0.26160748305982967,0.4435146443514644,0.4444444444444444,False,False,True,False
1185,2025-05-29,Kolkata,Hyderabad,1140.6,193.0,372.0,2.0,2025-05-30,2025-06-01,10179.607500000002,Delayed,True,False,0.43066925478943363,0.3433081880401659,1.0,0.7343096234309623,0.1111111111111111,True,False,False,False
1186,2025-05-14,Chennai,Chennai,656.2,174.8,303.0,3.0,2025-05-16,2025-05-19,2164.6,Delayed,False,False,0.22626381973162293,0.3069391017635011,0.19686144971132377,0.5899581589958159,0.2222222222222222,False,False,True,False
1187,2025-02-19,Delhi,Chennai,1074.9,212.9,110.0,5.0,2025-02-20,2025-02-25,3718.25,On Time,False,False,0.4029453962359693,0.38307438677124445,0.3525439251994629,0.18619246861924685,0.4444444444444444,False,False,True,False
1188,2025-04-25,Bengaluru,Chennai,1102.4,452.4,192.0,3.0,2025-04-26,2025-04-29,6013.11,Delayed,False,False,0.4145497510338425,0.8616675825548283,0.5824988608018901,0.3577405857740586,0.2222222222222222,False,False,True,False
1189,2025-03-13,Bengaluru,Kolkata,1613.1,349.6,196.0,6.0,2025-03-13,2025-03-19,7023.36,Delayed,False,False,0.630053169043801,0.6562421941349853,0.6837302970081738,0.36610878661087864,0.5555555555555556,False,False,True,False
1190,2025-04-01,Mumbai,Bengaluru,1643.3,212.8,158.0,4.0,2025-04-02,2025-04-07,3856.07,On Time,False,False,0.6427968604945564,0.3828745566268672,0.36635408757308335,0.28661087866108786,0.3333333333333333,False,False,True,False
1191,2025-07-25,Kolkata,Chennai,951.9,184.3,481.0,2.0,2025-07-27,2025-07-29,2373.82,On Time,False,False,0.351042282049118,0.3259229654793426,0.2178262020825969,0.9623430962343096,0.1111111111111111,False,True,False,False
1192,2025-07-09,Chennai,Kolkata,1003.7,333.5,117.0,4.0,2025-07-10,2025-07-14,1474.98,On Time,False,False,0.3729006667229302,0.6240695408902434,0.1277585315855358,0.200836820083682,0.3333333333333333,False,False,False,True
1193,2025-07-02,Delhi,Chennai,1398.9,248.2,359.0,5.0,2025-07-02,2025-07-07,5298.88,On Time,False,False,0.5396657945818213,0.453614427736424,0.5109299138267711,0.7071129707112971,0.4444444444444444,False,False,True,False
1194,2025-04-19,Hyderabad,Delhi,836.7,126.5,457.0,3.0,2025-04-20,2025-04-23,1433.09,On Time,False,False,0.3024305848594818,0.21042114202927512,0.12356097171156277,0.9121338912133892,0.2222222222222222,False,True,False,False
1195,2025-10-15,Bengaluru,Hyderabad,1364.9,200.2,401.0,4.0,2025-10-17,2025-10-21,2730.45,Delayed,False,False,0.5253185922862689,0.35769595843533,0.25356207646443,0.7949790794979079,0.3333333333333333,False,True,False,False
1196,2025-01-27,Hyderabad,Pune,1060.4,228.8,403.0,3.0,2025-01-29,2025-02-01,5419.93,On Time,False,False,0.3968267364334543,0.4148473797272319,0.5230596493900185,0.799163179916318,0.2222222222222222,False,False,True,False
1197,2025-04-13,Hyderabad,Chennai,663.8,293.3,96.0,2.0,2025-04-14,2025-04-16,3023.27,On Time,False,False,0.22947084142121693,0.543737822850577,0.28290391180214247,0.15690376569037656,0.1111111111111111,False,False,True,False
1198,2025-02-05,Ahmedabad,Pune,669.4,220.35000000000002,83.0,2.0,2025-02-07,2025-02-09,1735.56,On Time,False,False,0.23183391003460205,0.3979617325273518,0.15386977894671705,0.1297071129707113,0.1111111111111111,False,True,False,False
1199,2025-04-12,Pune,Bengaluru,1751.2,96.3,395.0,6.0,2025-04-12,2025-04-18,2167.95,On Time,False,False,0.68832812895603,0.15007243842733675,0.19719713425603155,0.7824267782426778,0.5555555555555556,False,False,False,True
1200,2025-10-16,Bengaluru,Delhi,1029.6,255.8,378.0,4.0,2025-10-17,2025-10-21,2815.1,On Time,False,False,0.3838298590598362,0.4688015187090973,0.26204437398965835,0.7468619246861925,0.3333333333333333,False,True,False,False
1201,2025-04-20,Ahmedabad,Chennai,1838.2,230.0,376.0,7.0,2025-04-21,2025-04-28,3500.25,Delayed,False,False,0.7250400877711198,0.4172453414597592,0.3306993787080303,0.7426778242677824,0.6666666666666666,False,False,False,True
1202,2025-09-30,Kolkata,Mumbai,868.9,230.4,220.0,5.0,2025-09-30,2025-10-05,1438.1,On Time,False,False,0.3160182293864461,0.41804466203726837,0.1240629954634989,0.41631799163179917,0.4444444444444444,False,False,False,True
1203,2025-05-29,Ahmedabad,Mumbai,1231.0,335.3,271.0,3.0,2025-05-31,2025-06-03,5103.53,On Time,False,False,0.46881593383407877,0.6276664834890343,0.49135499567492996,0.5230125523012552,0.2222222222222222,False,False,True,False
1204,2025-07-29,Pune,Chennai,2176.7,295.1,27.0,6.0,2025-07-31,2025-08-06,8545.07,On Time,False,False,0.8678791459194868,0.5473347654493681,0.8362122458222929,0.012552301255230125,0.5555555555555556,False,False,True,False
1205,2025-05-18,Hyderabad,Kolkata,624.2,98.2,275.5,4.0,2025-05-18,2025-05-22,1834.64,On Time,False,False,0.2127605705122795,0.15386921117050506,0.1637980251227315,0.5324267782426778,0.3333333333333333,False,False,True,False
1206,2025-03-21,Ahmedabad,Pune,246.0,230.7,273.0,2.0,2025-03-21,2025-03-23,421.58,On Time,False,False,0.053169043801164655,0.41864415247040015,0.02220327803473232,0.5271966527196653,0.1111111111111111,False,False,False,True
1207,2025-08-18,Bengaluru,Delhi,1679.0,112.6,80.0,2.0,2025-08-20,2025-08-22,10179.607500000002,On Time,True,False,0.6578614229048865,0.18264475196083327,1.0,0.12343096234309624,0.1111111111111111,True,False,False,False
1208,2025-10-18,Hyderabad,Pune,727.9,176.4,82.0,3.0,2025-10-20,2025-10-23,1767.77,On Time,False,False,0.2565195375137142,0.3101363840735375,0.15709736079299708,0.12761506276150628,0.2222222222222222,False,False,True,False
1209,2025-03-21,Chennai,Delhi,1090.7,107.9,41.0,2.0,2025-03-23,2025-03-25,2528.04,On Time,False,False,0.4096126255380201,0.17325273517510117,0.23327971566015993,0.04184100418410042,0.1111111111111111,False,True,False,False
1210,2025-08-22,Ahmedabad,Delhi,836.3,110.1,120.0,4.0,2025-08-22,2025-08-26,2031.88,Delayed,False,False,0.30226179424424,0.1776489983514013,0.18356232948039286,0.20711297071129708,0.3333333333333333,False,False,True,False
1211,2025-03-20,Bengaluru,Hyderabad,1220.7,271.5,496.0,5.0,2025-03-22,2025-03-27,3221.06,On Time,False,False,0.46446957549160267,0.5001748513763301,0.3027233285477409,0.9937238493723849,0.4444444444444444,False,True,False,False
1212,2025-08-04,Pune,Pune,672.3,258.2,354.0,3.0,2025-08-06,2025-08-09,3856.07,On Time,False,False,0.23305764199510504,0.47359744217415195,0.36635408757308335,0.696652719665272,0.2222222222222222,False,False,True,False
1213,2025-08-25,Kolkata,Bengaluru,1019.0,222.0,475.0,5.0,2025-08-27,2025-09-01,1372.74,On Time,False,False,0.37935690775592873,0.4012589299095769,0.11751363968973727,0.9497907949790795,0.4444444444444444,False,False,False,True
1214,2025-05-15,Pune,Mumbai,1302.4,168.4,143.0,4.0,2025-05-17,2025-05-21,2645.96,Delayed,False,False,0.4989450586547388,0.2941499725233552,0.24509581163387434,0.25523012552301255,0.3333333333333333,False,True,False,False
1215,2025-08-10,Mumbai,Mumbai,646.3,103.4,307.0,4.0,2025-08-12,2025-08-16,1613.34,On Time,False,False,0.22208625200438853,0.1642603786781236,0.14162280430367624,0.5983263598326359,0.3333333333333333,False,False,True,False
1216,2025-03-23,Mumbai,Kolkata,785.0,176.8,448.0,3.0,2025-03-24,2025-03-27,1749.86,On Time,False,False,0.2806143978394801,0.31093570465104664,0.15530270103308166,0.893305439330544,0.2222222222222222,False,True,False,False
1217,2025-01-24,Bengaluru,Kolkata,943.7,228.8,188.0,5.0,2025-01-24,2025-01-29,3902.13,On Time,False,False,0.34758207443666134,0.4148473797272319,0.3709694995519613,0.3493723849372385,0.4444444444444444,False,False,True,False
1218,2025-01-29,Hyderabad,Ahmedabad,457.0,255.8,335.0,3.0,2025-01-29,2025-02-01,1300.52,On Time,False,False,0.1422060933412102,0.4688015187090973,0.11027688213188742,0.6569037656903766,0.2222222222222222,False,False,True,False
1219,2025-05-15,Pune,Chennai,909.8,424.4,352.0,2.0,2025-05-17,2025-05-19,2528.04,On Time,False,False,0.33327706979491933,0.8057151421291902,0.23327971566015993,0.6924686192468619,0.1111111111111111,False,True,False,False
1220,2025-09-28,Kolkata,Delhi,1153.5,394.7,419.0,5.0,2025-09-30,2025-10-05,3970.09,On Time,False,False,0.4361127521309815,0.7463655892491382,0.37777938661415283,0.8326359832635983,0.4444444444444444,False,True,False,False
1221,2025-02-08,Hyderabad,Ahmedabad,920.2,226.5,485.0,3.0,2025-02-08,2025-02-11,9602.74,On Time,False,False,0.337665625791206,0.41025128640655445,0.9421953719121717,0.9707112970711297,0.2222222222222222,True,False,False,False
1222,2025-05-17,Bengaluru,Delhi,977.9,175.8,315.0,5.0,2025-05-18,2025-05-23,3008.35,On Time,False,False,0.36201367203983453,0.30893740320727386,0.2814088630239215,0.6150627615062761,0.4444444444444444,False,False,True,False
1223,2025-07-31,Ahmedabad,Mumbai,1091.0,146.7,299.0,3.0,2025-07-31,2025-08-03,2234.98,On Time,False,False,0.4097392184994514,0.2507868311934855,0.2039138312804386,0.5815899581589958,0.2222222222222222,False,True,False,False
1224,2025-03-02,Hyderabad,Kolkata,804.9,94.3,437.0,3.0,2025-03-02,2025-03-05,2121.53,On Time,False,False,0.2890117309477593,0.14607583553979117,0.1925456487141403,0.8702928870292888,0.2222222222222222,False,False,True,False
1225,2025-08-05,Kolkata,Kolkata,1411.0,119.6,348.0,5.0,2025-08-06,2025-08-11,3980.17,On Time,False,False,0.5447717106928854,0.19663286206724281,0.37878944637852735,0.6841004184100419,0.4444444444444444,False,False,True,False
1226,2025-04-02,Ahmedabad,Bengaluru,1746.2,259.0,193.0,3.0,2025-04-03,2025-04-06,10179.607500000002,On Time,True,False,0.6862182462655076,0.47519608332917024,1.0,0.3598326359832636,0.2222222222222222,True,False,False,False
1227,2025-08-31,Mumbai,Ahmedabad,891.0,305.2,322.0,4.0,2025-09-01,2025-09-05,10179.607500000002,On Time,True,False,0.32534391087855513,0.5675176100314733,1.0,0.6297071129707112,0.3333333333333333,False,False,True,False
1228,2025-06-23,Ahmedabad,Ahmedabad,1318.3,194.5,283.0,4.0,2025-06-24,2025-06-28,3161.09,On Time,False,False,0.5056544856106,0.34630564020582505,0.2967140741757629,0.5481171548117155,0.3333333333333333,False,True,False,False
1229,2025-06-14,Delhi,Chennai,992.2,521.625,275.5,4.0,2025-06-15,2025-06-19,10179.607500000002,On Time,False,True,0.36804793653472867,1.0,1.0,0.5324267782426778,0.3333333333333333,True,False,False,False
1230,2025-02-23,Chennai,Ahmedabad,1264.5,120.2,267.0,4.0,2025-02-25,2025-03-01,3471.87,On Time,False,False,0.48295214786057894,0.1978318429335065,0.3278555794904759,0.5146443514644351,0.3333333333333333,False,False,True,False
1231,2025-05-19,Pune,Hyderabad,1804.6,89.0,319.0,7.0,2025-05-19,2025-05-26,1778.18,On Time,False,False,0.7108616760908093,0.13548483788779536,0.15814048799013386,0.6234309623430963,0.6666666666666666,False,False,False,True
1232,2025-09-14,Hyderabad,Mumbai,1328.9,521.625,275.5,4.0,2025-09-14,2025-09-18,10179.607500000002,Delayed,False,True,0.5101274369145076,1.0,1.0,0.5324267782426778,0.3333333333333333,True,False,False,False
1233,2025-01-06,Ahmedabad,Ahmedabad,302.0,100.5,298.0,2.0,2025-01-07,2025-01-09,572.48,Delayed,False,False,0.0767997299350156,0.15846530449118248,0.03732411319783869,0.5794979079497908,0.1111111111111111,False,True,False,False
1234,2025-08-16,Hyderabad,Delhi,1304.3,193.1,99.0,5.0,2025-08-17,2025-08-22,3893.31,On Time,False,False,0.4997468140771373,0.34350801818454313,0.37008569725813356,0.16317991631799164,0.4444444444444444,False,False,True,False
1235,2025-05-28,Hyderabad,Bengaluru,1654.8,153.3,494.0,5.0,2025-05-30,2025-06-04,3146.12,On Time,False,False,0.647649590682758,0.263975620722386,0.2952140151804567,0.9895397489539749,0.4444444444444444,False,True,False,False
1236,2025-08-04,Chennai,Pune,1000.3,268.6,297.0,3.0,2025-08-06,2025-08-09,2120.95,On Time,False,False,0.37146594649337494,0.4943797771893891,0.19248753019595205,0.5774058577405857,0.2222222222222222,False,True,False,False
1237,2025-07-18,Mumbai,Delhi,1548.0,185.6,275.5,5.0,2025-07-19,2025-07-24,3476.33,On Time,False,False,0.6025824964131994,0.3285207573562472,0.32830249085447494,0.5324267782426778,0.4444444444444444,False,True,False,False
1238,2025-05-10,Mumbai,Chennai,789.4,305.7,382.0,3.0,2025-05-10,2025-05-13,3280.6,On Time,False,False,0.2824710946071398,0.5685167607533597,0.3086894950527863,0.7552301255230126,0.2222222222222222,False,False,True,False
1239,2025-04-03,Chennai,Kolkata,431.5,338.7,204.0,3.0,2025-04-03,2025-04-06,1379.08,Delayed,False,False,0.13144569161954595,0.6344607083978618,0.11814893521613948,0.38284518828451886,0.2222222222222222,False,False,True,False
1240,2025-07-08,Mumbai,Ahmedabad,1163.5,93.7,197.0,4.0,2025-07-09,2025-07-13,2046.74,Delayed,False,False,0.4403325175120263,0.1448768546735275,0.18505136599811162,0.3682008368200837,0.3333333333333333,False,True,False,False
1241,2025-02-12,Bengaluru,Delhi,309.6,144.1,422.0,1.0,2025-02-13,2025-02-14,874.93,On Time,False,False,0.08000675162460967,0.24559124743967625,0.06763091634615889,0.8389121338912134,0.0,False,False,True,False
1242,2025-06-25,Pune,Hyderabad,992.1,318.7,275.5,3.0,2025-06-26,2025-06-29,4312.07,On Time,False,False,0.3680057388809182,0.594494679522406,0.412047267390025,0.5324267782426778,0.2222222222222222,False,False,True,False
1243,2025-01-29,Ahmedabad,Kolkata,1679.1,372.0,271.0,3.0,2025-01-29,2025-02-02,10179.607500000002,On Time,True,False,0.6579036205586969,0.7010041464754958,1.0,0.5230125523012552,0.2222222222222222,True,False,False,False
1244,2025-07-14,Kolkata,Mumbai,240.6,244.9,199.0,2.0,2025-07-16,2025-07-18,200.0,On Time,False,False,0.05089037049540045,0.44702003297197385,0.0,0.3723849372384937,0.1111111111111111,False,False,False,True
1245,2025-07-08,Ahmedabad,Hyderabad,524.2,278.5,275.5,2.0,2025-07-09,2025-07-11,1127.74,On Time,False,False,0.17056291670183138,0.5141629614827397,0.0929635759723015,0.5324267782426778,0.1111111111111111,False,True,False,False
1246,2025-01-26,Ahmedabad,Pune,635.6,437.7,103.0,4.0,2025-01-27,2025-01-31,3069.14,Delayed,False,False,0.2175711030466706,0.8322925513313684,0.28750028495609664,0.17154811715481172,0.3333333333333333,False,False,True,False
1247,2025-08-16,Pune,Bengaluru,1071.5,186.9,378.0,3.0,2025-08-16,2025-08-19,2292.76,Delayed,False,False,0.401510676006414,0.33111854923315187,0.2097036381440853,0.7468619246861925,0.2222222222222222,False,True,False,False
1248,2025-05-05,Kolkata,Delhi,935.4,243.5,300.0,4.0,2025-05-07,2025-05-11,3436.38,On Time,False,False,0.34407966917039406,0.4442224109506919,0.32429932740340733,0.5836820083682008,0.3333333333333333,False,False,True,False
1249,2025-08-25,Chennai,Delhi,1729.6,394.9,429.0,6.0,2025-08-26,2025-09-01,8178.71,On Time,False,False,0.6792134357329731,0.7467652495378928,0.7995013831956816,0.8535564853556485,0.5555555555555556,False,False,True,False
1250,2025-01-13,Ahmedabad,Kolkata,1529.5,407.1,221.0,4.0,2025-01-13,2025-01-17,7296.05,On Time,False,False,0.5947759304582665,0.7711445271519209,0.7110550189473883,0.41841004184100417,0.3333333333333333,False,False,True,False
1251,2025-02-23,Delhi,Bengaluru,1322.9,213.7,419.0,3.0,2025-02-23,2025-02-26,4396.08,On Time,False,False,0.5075955776858807,0.3846730279262627,0.4204654341365629,0.8326359832635983,0.2222222222222222,False,False,True,False
1252,2025-05-29,Kolkata,Bengaluru,1165.5,146.6,27.0,5.0,2025-05-30,2025-06-04,4131.68,On Time,False,False,0.4411764705882353,0.25058700104910825,0.39397140619007304,0.012552301255230125,0.4444444444444444,False,False,True,False
1253,2025-02-26,Mumbai,Delhi,1277.0,220.35000000000002,383.0,3.0,2025-02-26,2025-03-01,2657.99,On Time,False,False,0.4882268545868849,0.3979617325273518,0.24630126986457127,0.7573221757322176,0.2222222222222222,False,True,False,False
1254,2025-04-09,Pune,Bengaluru,712.1,223.0,53.0,4.0,2025-04-11,2025-04-15,1481.12,On Time,False,False,0.24985230821166343,0.4032572313533497,0.12837378624359722,0.06694560669456066,0.3333333333333333,False,True,False,False
1255,2025-07-18,Hyderabad,Chennai,1485.7,143.7,275.5,4.0,2025-07-20,2025-07-24,5263.63,On Time,False,False,0.5762933580892902,0.24479192686216714,0.5073977107817115,0.5324267782426778,0.3333333333333333,False,False,True,False
1256,2025-02-13,Mumbai,Hyderabad,599.6,228.8,113.0,2.0,2025-02-15,2025-02-17,1904.42,On Time,False,False,0.20237994767490927,0.4148473797272319,0.17079028408682403,0.19246861924686193,0.1111111111111111,False,False,True,False
1257,2025-07-23,Delhi,Pune,1475.9,407.4,482.0,4.0,2025-07-24,2025-07-28,10179.607500000002,On Time,True,False,0.5721579880158663,0.7717440175850526,1.0,0.9644351464435147,0.3333333333333333,True,False,False,False
1258,2025-02-01,Bengaluru,Hyderabad,1633.8,284.9,389.0,7.0,2025-02-02,2025-02-09,3468.74,On Time,False,False,0.6387880833825639,0.5269520907228855,0.32754193990094294,0.7698744769874477,0.6666666666666666,False,False,False,True
1259,2025-02-22,Bengaluru,Mumbai,1194.9,193.6,70.0,6.0,2025-02-23,2025-03-01,1669.9,Delayed,False,False,0.45358258080850705,0.3445071689064295,0.14729036187044428,0.10251046025104603,0.5555555555555556,False,False,False,True
1260,2025-06-26,Pune,Ahmedabad,1020.7,124.4,448.0,5.0,2025-06-27,2025-07-02,1667.51,On Time,False,False,0.38007426787070636,0.20622470899735226,0.14705087349377213,0.893305439330544,0.4444444444444444,False,False,False,True
1261,2025-08-27,Chennai,Mumbai,1280.1,156.4,140.0,3.0,2025-08-28,2025-08-31,3742.45,On Time,False,False,0.48953498185500877,0.27017035519808164,0.35496887026869534,0.2489539748953975,0.2222222222222222,False,False,True,False
1262,2025-02-21,Ahmedabad,Ahmedabad,120.0,84.8,281.0,3.0,2025-02-22,2025-02-25,200.0,On Time,False,False,0.0,0.12709197182394963,0.0,0.5439330543933054,0.2222222222222222,False,False,True,False
1263,2025-03-31,Kolkata,Mumbai,1236.0,248.1,60.0,3.0,2025-04-02,2025-04-05,3856.07,On Time,False,False,0.4709258165246012,0.4534145975920468,0.36635408757308335,0.08158995815899582,0.2222222222222222,False,False,True,False
1264,2025-10-05,Pune,Bengaluru,1049.0,151.8,275.5,2.0,2025-10-05,2025-10-07,9417.38,On Time,False,False,0.39201620389906316,0.26097816855672684,0.9236214951339516,0.5324267782426778,0.1111111111111111,True,False,False,False
1265,2025-10-24,Delhi,Mumbai,1077.2,213.1,135.0,4.0,2025-10-24,2025-10-28,10179.607500000002,On Time,True,False,0.40391594227360955,0.383474047059999,1.0,0.2384937238493724,0.3333333333333333,True,False,False,False
1266,2025-06-24,Mumbai,Mumbai,1417.9,317.1,276.0,2.0,2025-06-26,2025-06-28,10179.607500000002,On Time,True,False,0.5476833488058064,0.5912973972123695,1.0,0.5334728033472803,0.1111111111111111,True,False,False,False
1267,2025-05-15,Mumbai,Hyderabad,1066.4,259.8,280.0,5.0,2025-05-17,2025-05-22,1865.37,Delayed,False,False,0.3993585956620812,0.47679472448418847,0.16687730454328986,0.5418410041841004,0.4444444444444444,False,False,False,True
1268,2025-04-15,Chennai,Hyderabad,586.9,181.4,430.0,2.0,2025-04-17,2025-04-19,5748.1,On Time,False,False,0.19702084564098235,0.3201278912924015,0.5559437082069609,0.8556485355648535,0.1111111111111111,True,False,False,False
1269,2025-07-03,Ahmedabad,Mumbai,1036.4,139.8,99.0,4.0,2025-07-04,2025-07-08,9219.32,On Time,False,False,0.38669929951894677,0.23699855123145327,0.9037750232160933,0.16317991631799164,0.3333333333333333,True,False,False,False
1270,2025-06-27,Mumbai,Ahmedabad,1130.4,114.5,379.0,3.0,2025-06-28,2025-07-01,2044.06,On Time,False,False,0.426365094100768,0.18644152470400158,0.18478281836234536,0.7489539748953975,0.2222222222222222,False,True,False,False
1271,2025-03-30,Chennai,Chennai,1151.7,388.1,22.0,3.0,2025-03-30,2025-04-02,5965.86,On Time,False,False,0.43535319436239345,0.7331767997202379,0.5777642056563846,0.0020920502092050207,0.2222222222222222,False,False,True,False
1272,2025-01-07,Mumbai,Chennai,1172.9,254.2,159.0,4.0,2025-01-07,2025-01-11,3153.38,On Time,False,False,0.4442990969702085,0.4656042363990608,0.29594149870122644,0.28870292887029286,0.3333333333333333,False,True,False,False
1273,2025-02-15,Ahmedabad,Chennai,1567.7,186.8,275.5,5.0,2025-02-17,2025-02-22,5081.8,Delayed,False,False,0.6108954342138577,0.33091871908877457,0.489177555329706,0.5324267782426778,0.4444444444444444,False,False,True,False
1274,2025-10-15,Hyderabad,Kolkata,611.3,296.7,79.0,4.0,2025-10-16,2025-10-20,1715.87,Delayed,False,False,0.20731707317073167,0.5505320477594045,0.15189675545856884,0.12133891213389121,0.3333333333333333,False,True,False,False
1275,2025-05-06,Pune,Delhi,1179.1,357.9,300.0,4.0,2025-05-07,2025-05-11,5328.55,On Time,False,False,0.44691535150645617,0.6728280961182994,0.5139029766451235,0.5836820083682008,0.3333333333333333,False,False,True,False
1276,2025-05-25,Hyderabad,Kolkata,1680.5,153.5,452.0,4.0,2025-05-25,2025-05-29,4584.2,On Time,False,False,0.6584943877120432,0.26437528101114055,0.43931587489788543,0.9016736401673641,0.3333333333333333,False,False,True,False
1277,2025-05-21,Hyderabad,Delhi,319.4,250.4,340.0,3.0,2025-05-22,2025-05-25,756.15,On Time,False,False,0.08414212169803358,0.4580106909127242,0.05572864463857921,0.6673640167364017,0.2222222222222222,False,True,False,False
1278,2025-08-23,Pune,Mumbai,1180.8,252.9,275.5,4.0,2025-08-25,2025-08-29,4431.48,On Time,False,False,0.4476327116212338,0.46300644452215617,0.42401266783287805,0.5324267782426778,0.3333333333333333,False,False,True,False
1279,2025-01-20,Mumbai,Chennai,836.6,428.5,303.0,4.0,2025-01-21,2025-01-25,4069.68,On Time,False,False,0.30238838720567135,0.8139081780486587,0.3877587370044362,0.5899581589958159,0.3333333333333333,False,False,True,False
1280,2025-01-25,Pune,Hyderabad,933.2,185.4,45.0,5.0,2025-01-26,2025-01-31,3078.68,On Time,False,False,0.34315132078656424,0.32812109706749265,0.2884562343759511,0.0502092050209205,0.4444444444444444,False,False,True,False
1281,2025-03-24,Hyderabad,Pune,692.8,137.1,186.0,2.0,2025-03-26,2025-03-28,1965.8,Delayed,False,False,0.2417081610262469,0.2316031373332667,0.17694082658060445,0.34518828451882844,0.1111111111111111,False,False,True,False
1282,2025-05-26,Hyderabad,Chennai,1023.7,264.2,415.0,3.0,2025-05-26,2025-05-29,2812.86,On Time,False,False,0.38134019748501985,0.4855872508367887,0.26181991626424184,0.8242677824267782,0.2222222222222222,False,True,False,False
1283,2025-07-21,Kolkata,Chennai,1928.6,308.7,41.0,6.0,2025-07-21,2025-07-27,8135.6,On Time,False,False,0.7631867668157649,0.574511665084678,0.79518157402483,0.04184100418410042,0.5555555555555556,False,False,True,False
1284,2025-05-28,Pune,Pune,531.0,240.2,66.0,3.0,2025-05-29,2025-06-01,1962.54,Delayed,False,False,0.17343235716094182,0.4376280161862417,0.17661416042665,0.09414225941422594,0.2222222222222222,False,False,True,False
1285,2025-05-13,Kolkata,Hyderabad,573.7,442.8,420.0,2.0,2025-05-14,2025-05-16,2527.75,On Time,False,False,0.1914507553380032,0.8424838886946097,0.23325065640106582,0.8347280334728033,0.1111111111111111,False,False,True,False
1286,2025-10-09,Mumbai,Pune,514.1,185.1,50.0,2.0,2025-10-11,2025-10-13,1629.94,On Time,False,False,0.16630095366697611,0.3275216066343608,0.14328619637595966,0.060669456066945605,0.1111111111111111,False,True,False,False
1287,2025-02-18,Ahmedabad,Ahmedabad,1877.3,243.2,480.0,6.0,2025-02-18,2025-02-24,6760.77,On Time,False,False,0.741539370411005,0.4436229205175601,0.6574176389201679,0.9602510460251046,0.5555555555555556,False,False,True,False
1288,2025-06-21,Delhi,Pune,891.9,98.0,384.0,2.0,2025-06-21,2025-06-23,2528.04,Delayed,False,False,0.32572368976284916,0.15346955088175052,0.23327971566015993,0.7594142259414226,0.1111111111111111,False,True,False,False
1289,2025-06-12,Mumbai,Ahmedabad,1088.5,133.0,339.0,2.0,2025-06-13,2025-06-15,1927.3,On Time,False,False,0.4086842771541902,0.22341010141379827,0.1730829594250074,0.6652719665271967,0.1111111111111111,False,True,False,False
1290,2025-05-23,Bengaluru,Kolkata,918.7,154.0,277.0,2.0,2025-05-24,2025-05-26,7997.75,On Time,False,False,0.33703266098404927,0.26537443173302694,0.7813684055209584,0.5355648535564853,0.1111111111111111,True,False,False,False
1291,2025-08-31,Delhi,Kolkata,675.0,201.2,62.0,4.0,2025-09-02,2025-09-06,1952.27,On Time,False,False,0.23419697864798716,0.35969425987910275,0.17558506183735179,0.08577405857740586,0.3333333333333333,False,True,False,False
1292,2025-03-22,Pune,Chennai,994.2,107.2,218.0,5.0,2025-03-23,2025-03-28,3004.71,On Time,False,False,0.3688918896109376,0.17185392416446021,0.28104411922011957,0.4121338912133891,0.4444444444444444,False,False,True,False
1293,2025-10-14,Kolkata,Delhi,2206.2,294.6,275.5,4.0,2025-10-15,2025-10-21,8979.08,On Time,False,False,0.8803274537935689,0.5463356147274817,0.8797019321651677,0.5324267782426778,0.3333333333333333,False,False,True,False
1294,2025-04-10,Mumbai,Hyderabad,1726.4,146.8,453.0,5.0,2025-04-10,2025-04-15,3306.61,On Time,False,False,0.6778631108110389,0.25098666133786285,0.3112958099805027,0.9037656903765691,0.4444444444444444,False,True,False,False
1295,2025-06-13,Ahmedabad,Hyderabad,716.2,521.625,234.0,3.0,2025-06-14,2025-06-17,2392.62,On Time,False,True,0.25158241201789183,1.0,0.2197100437066287,0.4456066945606695,0.2222222222222222,False,False,False,True
1296,2025-06-06,Bengaluru,Pune,1391.4,149.6,422.0,4.0,2025-06-07,2025-06-11,4087.81,On Time,False,False,0.5365009705460376,0.25658190538042663,0.38957544171952646,0.8389121338912134,0.3333333333333333,False,False,True,False
1297,2025-09-12,Chennai,Delhi,725.8,230.8,392.0,4.0,2025-09-13,2025-09-17,2505.73,On Time,False,False,0.2556333867836948,0.41884398261477745,0.23104415679674772,0.7761506276150628,0.3333333333333333,False,False,True,False
1298,2025-05-12,Hyderabad,Kolkata,300.6,216.4,47.0,1.0,2025-05-13,2025-05-14,1130.39,On Time,False,False,0.07620896278166935,0.3900684418244492,0.09322911747781663,0.05439330543933055,0.0,False,False,True,False
1299,2025-03-27,Bengaluru,Delhi,1558.8,126.9,317.0,4.0,2025-03-28,2025-04-01,4157.08,On Time,False,False,0.6071398430247278,0.21122046260678423,0.39651659646935006,0.6192468619246861,0.3333333333333333,False,False,True,False
1300,2025-01-07,Mumbai,Ahmedabad,1622.0,201.6,315.0,6.0,2025-01-07,2025-01-13,5447.74,Delayed,False,False,0.633808760232931,0.3604935804566119,0.5258463321328017,0.6150627615062761,0.5555555555555556,False,False,True,False
1301,2025-04-20,Pune,Chennai,1570.7,200.3,280.0,5.0,2025-04-20,2025-04-25,3856.07,On Time,False,False,0.6121613638281711,0.3578957885797073,0.36635408757308335,0.5418410041841004,0.4444444444444444,False,False,True,False
1302,2025-09-05,Kolkata,Delhi,888.6,338.8,390.0,2.0,2025-09-05,2025-09-07,4038.29,On Time,False,False,0.32433116718710436,0.6346605385422391,0.3846133227183533,0.7719665271966527,0.1111111111111111,False,False,True,False
1303,2025-01-03,Hyderabad,Bengaluru,1025.0,269.1,446.0,3.0,2025-01-04,2025-01-07,10179.607500000002,On Time,True,False,0.38188876698455565,0.49537892791127547,1.0,0.8891213389121339,0.2222222222222222,True,False,False,False
1304,2025-09-26,Ahmedabad,Ahmedabad,1437.4,292.5,284.0,5.0,2025-09-28,2025-10-03,4040.12,On Time,False,False,0.5559118912988438,0.5421391816955587,0.38479669666367133,0.5502092050209205,0.4444444444444444,False,True,False,False
1305,2025-06-12,Bengaluru,Ahmedabad,1276.2,335.2,173.0,4.0,2025-06-14,2025-06-18,3398.46,On Time,False,False,0.48788927335640137,0.627466653344657,0.3204995787659985,0.3179916317991632,0.3333333333333333,False,True,False,False
1306,2025-02-12,Hyderabad,Mumbai,922.9,294.8,491.0,3.0,2025-02-12,2025-02-15,2296.06,On Time,False,False,0.3388049624440881,0.5467352750162362,0.2100343124717079,0.9832635983263598,0.2222222222222222,False,True,False,False
1307,2025-04-01,Chennai,Chennai,371.4,249.4,482.0,2.0,2025-04-01,2025-04-03,3930.99,On Time,False,False,0.1060849016794666,0.4560123894689514,0.3738613968535335,0.9644351464435147,0.1111111111111111,True,False,False,False
1308,2025-06-16,Delhi,Delhi,1151.2,153.3,349.0,4.0,2025-06-17,2025-06-21,3074.14,On Time,False,False,0.4351422060933412,0.263975620722386,0.28800130666461576,0.6861924686192469,0.3333333333333333,False,False,True,False
1309,2025-04-05,Kolkata,Chennai,1585.6,241.5,327.0,4.0,2025-04-05,2025-04-11,6030.7,Delayed,False,False,0.6184488142459278,0.4402258080631463,0.5842614551724603,0.6401673640167364,0.3333333333333333,False,False,True,False
1310,2025-02-02,Pune,Bengaluru,561.1,213.1,69.0,1.0,2025-02-03,2025-02-04,4485.23,On Time,False,False,0.18613385095788673,0.383474047059999,0.42939865119945836,0.100418410041841,0.0,True,False,False,False
1311,2025-07-19,Bengaluru,Chennai,1387.4,209.4,212.0,4.0,2025-07-20,2025-07-24,4466.56,On Time,False,False,0.5348130643936198,0.3760803317180397,0.4275278361398481,0.399581589958159,0.3333333333333333,False,False,True,False
1312,2025-07-21,Chennai,Mumbai,1249.2,195.7,115.0,3.0,2025-07-23,2025-07-26,4458.7,On Time,False,False,0.47649590682758036,0.34870360193835237,0.4267402300140561,0.19665271966527198,0.2222222222222222,False,False,True,False
1313,2025-02-05,Pune,Bengaluru,1437.6,202.1,267.0,4.0,2025-02-06,2025-02-10,3006.64,On Time,False,False,0.5559962866064646,0.3614927311784983,0.2812375135996079,0.5146443514644351,0.3333333333333333,False,True,False,False
1314,2025-03-26,Pune,Mumbai,1492.4,107.8,416.0,5.0,2025-03-28,2025-04-02,3836.48,On Time,False,False,0.5791206008945903,0.17305290503072387,0.3643910845191055,0.8263598326359832,0.4444444444444444,False,False,True,False
1315,2025-03-15,Ahmedabad,Delhi,787.5,35.7,127.0,3.0,2025-03-16,2025-03-19,781.96,On Time,False,False,0.2816693391847413,0.028975370934705508,0.0583149186979548,0.2217573221757322,0.2222222222222222,False,True,False,False
1316,2025-07-17,Chennai,Mumbai,372.4,177.6,498.0,3.0,2025-07-19,2025-07-22,1416.24,On Time,False,False,0.10650687821757109,0.3125343458060649,0.12187252855385343,0.997907949790795,0.2222222222222222,False,False,True,False
1317,2025-08-08,Hyderabad,Mumbai,859.9,220.35000000000002,82.0,3.0,2025-08-09,2025-08-12,2891.33,On Time,False,False,0.31222044054350573,0.3979617325273518,0.26968295095774053,0.12761506276150628,0.2222222222222222,False,True,False,False
1318,2025-08-07,Bengaluru,Kolkata,1500.1,229.1,67.0,4.0,2025-08-08,2025-08-12,5499.41,On Time,False,False,0.5823698202379947,0.4154468701603637,0.5310238904686381,0.09623430962343096,0.3333333333333333,False,False,True,False
1319,2025-10-09,Kolkata,Pune,856.1,360.2,487.0,3.0,2025-10-10,2025-10-13,4014.99,On Time,False,False,0.31061692969870874,0.6774241894389769,0.3822785615566543,0.9748953974895398,0.2222222222222222,False,False,True,False
1320,2025-08-19,Kolkata,Pune,787.7,138.7,68.0,3.0,2025-08-20,2025-08-23,2259.34,On Time,False,False,0.28175373449236224,0.23480041964330317,0.20635480904434364,0.09832635983263599,0.2222222222222222,False,False,True,False
1321,2025-04-07,Mumbai,Mumbai,280.4,173.1,372.0,2.0,2025-04-09,2025-04-11,277.06,Delayed,False,False,0.0676850367119588,0.30354198930908727,0.007721746571696331,0.7343096234309623,0.1111111111111111,False,False,False,True
1322,2025-02-02,Chennai,Mumbai,1888.7,521.625,386.0,6.0,2025-02-03,2025-02-09,10179.607500000002,On Time,True,True,0.7463499029453962,1.0,1.0,0.7635983263598326,0.5555555555555556,False,False,True,False
1323,2025-07-04,Bengaluru,Chennai,1471.6,143.3,178.0,6.0,2025-07-04,2025-07-10,4617.45,On Time,False,False,0.5703434889020169,0.24399260628465805,0.4426476692595374,0.3284518828451883,0.5555555555555556,False,False,True,False
1324,2025-10-02,Ahmedabad,Hyderabad,1446.5,289.7,50.0,4.0,2025-10-03,2025-10-07,5976.02,On Time,False,False,0.5597518777955945,0.5365439376529949,0.5787822817680955,0.060669456066945605,0.3333333333333333,False,False,True,False
1325,2025-10-20,Pune,Hyderabad,1535.5,289.5,275.5,3.0,2025-10-21,2025-10-24,2528.04,On Time,False,False,0.5973077896868934,0.5361442773642404,0.23327971566015993,0.5324267782426778,0.2222222222222222,False,True,False,False
1326,2025-03-11,Delhi,Pune,1359.5,274.0,52.0,3.0,2025-03-12,2025-03-15,10179.607500000002,Delayed,True,False,0.5230399189805046,0.5051706049857622,1.0,0.06485355648535565,0.2222222222222222,True,False,False,False
1327,2025-03-12,Hyderabad,Chennai,990.1,291.5,342.0,3.0,2025-03-12,2025-03-15,3856.75,Delayed,False,False,0.36716178580470926,0.540140880251786,0.36642222652544193,0.6715481171548117,0.2222222222222222,False,False,True,False
1328,2025-01-12,Mumbai,Delhi,1026.3,142.2,446.0,3.0,2025-01-12,2025-01-15,2603.43,Delayed,False,False,0.38243733648409145,0.24179447469650794,0.24083412098121088,0.8891213389121339,0.2222222222222222,False,False,True,False
1329,2025-02-12,Hyderabad,Mumbai,907.6,182.0,498.0,5.0,2025-02-12,2025-02-17,1489.57,On Time,False,False,0.3323487214110895,0.3213268721586652,0.1292205129309945,0.997907949790795,0.4444444444444444,False,False,False,True
1330,2025-06-16,Chennai,Delhi,2285.6,42.7,404.0,7.0,2025-06-17,2025-06-24,4721.4,On Time,False,False,0.9138323909190648,0.04296348104111506,0.45306391057964945,0.801255230125523,0.6666666666666666,False,False,True,False
1331,2025-06-14,Kolkata,Mumbai,1350.2,435.6,275.5,5.0,2025-06-14,2025-06-19,6555.7,Delayed,False,False,0.519115537176133,0.8280961182994455,0.6368687345669656,0.5324267782426778,0.4444444444444444,False,False,True,False
1332,2025-04-22,Hyderabad,Pune,891.3,290.6,443.0,3.0,2025-04-23,2025-04-26,1329.72,On Time,False,False,0.32547050383998644,0.5383424089523905,0.11320284890963896,0.8828451882845189,0.2222222222222222,False,False,False,True
1333,2025-04-03,Kolkata,Chennai,1309.5,154.1,389.0,5.0,2025-04-03,2025-04-08,3401.41,On Time,False,False,0.5019410920752806,0.26557426187740424,0.32079518157402476,0.7698744769874477,0.4444444444444444,False,False,True,False
1334,2025-09-06,Pune,Pune,645.1,139.6,332.0,3.0,2025-09-06,2025-09-09,1725.17,On Time,False,False,0.22157988015866317,0.23659889094269868,0.1528286558364144,0.6506276150627615,0.2222222222222222,False,False,True,False
1335,2025-05-19,Bengaluru,Bengaluru,1777.0,521.625,498.0,4.0,2025-05-19,2025-05-23,8190.88,On Time,False,True,0.6992151236391256,1.0,0.8007208700342171,0.997907949790795,0.3333333333333333,False,False,True,False
1336,2025-08-31,Ahmedabad,Bengaluru,802.5,148.4,174.0,1.0,2025-08-31,2025-09-01,6750.46,On Time,False,False,0.2879989872563085,0.2541839436478993,0.6563845321572015,0.3200836820083682,0.0,True,False,False,False
1337,2025-10-16,Hyderabad,Kolkata,1325.5,153.9,275.5,2.0,2025-10-16,2025-10-18,10179.607500000002,On Time,True,False,0.5086927166849523,0.2651746015886497,1.0,0.5324267782426778,0.1111111111111111,True,False,False,False
1338,2025-04-06,Chennai,Pune,1579.7,123.9,455.0,5.0,2025-04-08,2025-04-13,3856.07,Delayed,False,False,0.6159591526711115,0.20522555827546585,0.36635408757308335,0.9079497907949791,0.4444444444444444,False,False,True,False
1339,2025-03-02,Pune,Mumbai,1273.1,317.4,169.0,4.0,2025-03-02,2025-03-06,3721.2,Delayed,False,False,0.4865811460882774,0.5918968876455013,0.3528395280074892,0.30962343096234307,0.3333333333333333,False,True,False,False
1340,2025-10-13,Kolkata,Mumbai,1142.5,220.35000000000002,163.0,4.0,2025-10-14,2025-10-18,3358.92,Delayed,False,False,0.4314710102118322,0.3979617325273518,0.3165374990950295,0.29707112970711297,0.3333333333333333,False,True,False,False
1341,2025-07-10,Bengaluru,Kolkata,1104.9,196.3,93.0,3.0,2025-07-11,2025-07-14,10179.607500000002,On Time,True,False,0.41560469237910375,0.3499025828046161,1.0,0.1506276150627615,0.2222222222222222,True,False,False,False
1342,2025-03-29,Delhi,Kolkata,1074.6,228.8,152.0,5.0,2025-03-31,2025-04-05,4860.26,On Time,False,False,0.40281880327453784,0.4148473797272319,0.46697828546864184,0.27405857740585776,0.4444444444444444,False,False,True,False
1343,2025-07-06,Mumbai,Bengaluru,840.5,262.7,304.0,4.0,2025-07-07,2025-07-11,3856.07,On Time,False,False,0.3040340957042788,0.48258979867112956,0.36635408757308335,0.5920502092050209,0.3333333333333333,False,False,True,False
1344,2025-06-04,Bengaluru,Hyderabad,897.7,119.9,445.0,4.0,2025-06-05,2025-06-09,1373.39,Delayed,False,False,0.3281711536838552,0.19723235250037469,0.11757877251184477,0.8870292887029289,0.3333333333333333,False,False,False,True
1345,2025-09-29,Delhi,Bengaluru,1765.8,420.2,85.0,6.0,2025-10-01,2025-10-07,8462.21,On Time,False,False,0.6944889864123553,0.7973222760653444,0.8279093140687144,0.13389121338912133,0.5555555555555556,False,False,True,False
1346,2025-03-18,Ahmedabad,Chennai,1051.2,123.2,346.0,5.0,2025-03-20,2025-03-25,3138.94,Delayed,False,False,0.39294455228289304,0.2038267472648249,0.2944945480070233,0.6799163179916318,0.4444444444444444,False,False,True,False
1347,2025-10-25,Pune,Chennai,746.4,203.6,387.0,4.0,2025-10-25,2025-10-29,2381.74,On Time,False,False,0.2643261034686471,0.36449018334415745,0.2186198204688911,0.7656903765690377,0.3333333333333333,False,False,True,False
1348,2025-10-08,Hyderabad,Pune,867.7,196.6,449.0,2.0,2025-10-10,2025-10-12,3160.04,On Time,False,False,0.31551185754072075,0.3505020732377479,0.29660885961697386,0.895397489539749,0.1111111111111111,False,False,True,False
1349,2025-02-24,Hyderabad,Delhi,1595.2,179.1,380.0,5.0,2025-02-25,2025-03-02,4677.33,On Time,False,False,0.6224997890117309,0.31553179797172404,0.44864790524076215,0.7510460251046025,0.4444444444444444,False,False,True,False
1350,2025-02-19,Bengaluru,Bengaluru,1404.0,69.0,94.0,4.0,2025-02-19,2025-02-23,1965.85,On Time,False,False,0.5418178749261541,0.0955188090123395,0.17694583679768966,0.15271966527196654,0.3333333333333333,False,True,False,False
1351,2025-06-09,Mumbai,Bengaluru,1352.1,521.625,254.0,4.0,2025-06-10,2025-06-14,8002.77,Delayed,False,True,0.5199172925985315,1.0,0.7818714313163116,0.4874476987447699,0.3333333333333333,False,False,True,False
1352,2025-01-14,Kolkata,Pune,984.1,74.9,477.0,4.0,2025-01-16,2025-01-20,1513.25,On Time,False,False,0.36462992657608234,0.107308787530599,0.13159335174254094,0.9539748953974896,0.3333333333333333,False,False,False,True
1353,2025-03-31,Kolkata,Hyderabad,1358.0,433.0,456.0,5.0,2025-03-31,2025-04-05,7354.49,On Time,False,False,0.5224069541733479,0.8229005345456362,0.7169109606765595,0.9100418410041841,0.4444444444444444,False,False,True,False
1354,2025-05-11,Ahmedabad,Kolkata,810.4,137.0,314.0,3.0,2025-05-11,2025-05-14,1540.01,On Time,False,False,0.2913326019073339,0.23140330718888943,0.13427481992653517,0.6129707112970711,0.2222222222222222,False,True,False,False
1355,2025-10-18,Delhi,Chennai,983.2,161.8,275.5,4.0,2025-10-20,2025-10-24,2526.57,Delayed,False,False,0.3642501476917883,0.2809611829944548,0.23313241527785533,0.5324267782426778,0.3333333333333333,False,True,False,False
1356,2025-10-25,Kolkata,Chennai,1536.4,412.3,340.0,8.0,2025-10-26,2025-11-03,3671.33,On Time,False,False,0.5976875685711874,0.7815356946595394,0.3478423374867197,0.6673640167364017,0.7777777777777778,False,False,False,True
1357,2025-02-15,Chennai,Kolkata,1493.4,276.7,51.0,4.0,2025-02-15,2025-02-19,6116.93,On Time,False,False,0.5795425774326948,0.5105660188839486,0.5929020755575807,0.06276150627615062,0.3333333333333333,False,False,True,False
1358,2025-09-25,Delhi,Delhi,658.1,100.0,458.0,4.0,2025-09-27,2025-10-01,3856.07,On Time,False,False,0.22706557515402143,0.1574661537692961,0.36635408757308335,0.9142259414225942,0.3333333333333333,False,False,True,False
1359,2025-01-28,Mumbai,Hyderabad,715.0,98.8,100.0,3.0,2025-01-29,2025-02-01,1942.88,On Time,False,False,0.2510760401721664,0.15506819203676872,0.17464414306875292,0.16527196652719664,0.2222222222222222,False,False,True,False
1360,2025-08-13,Chennai,Delhi,1148.9,256.8,202.0,4.0,2025-08-13,2025-08-17,3578.29,On Time,False,False,0.4341716600557009,0.4707998201528701,0.33851932553459635,0.3786610878661088,0.3333333333333333,False,False,True,False
1361,2025-09-11,Mumbai,Hyderabad,1876.8,122.1,134.0,7.0,2025-09-11,2025-09-18,4760.44,Delayed,False,False,0.7413283821419528,0.2016286156766748,0.4569758880797665,0.23640167364016737,0.6666666666666666,False,False,True,False
1362,2025-09-25,Mumbai,Pune,238.0,283.1,365.0,2.0,2025-09-26,2025-09-28,606.87,On Time,False,False,0.0497932314963288,0.5233551481240946,0.04077014050903304,0.7196652719665272,0.1111111111111111,False,False,False,True
1363,2025-03-09,Chennai,Ahmedabad,1225.2,297.4,34.0,5.0,2025-03-09,2025-03-14,2075.35,On Time,False,False,0.4663684699130728,0.5519308587700454,0.1879182122142579,0.027196652719665274,0.4444444444444444,False,False,False,True
1364,2025-09-26,Delhi,Mumbai,480.8,144.9,327.0,2.0,2025-09-27,2025-09-29,1516.03,On Time,False,False,0.1522491349480969,0.2471898885946945,0.13187191981247756,0.6401673640167364,0.1111111111111111,False,False,True,False
1365,2025-02-04,Bengaluru,Pune,814.6,166.4,434.0,3.0,2025-02-04,2025-02-07,2754.84,On Time,False,False,0.29310490336737277,0.29015336963580957,0.2560060603585862,0.8640167364016736,0.2222222222222222,False,False,True,False
1366,2025-06-05,Mumbai,Mumbai,936.0,261.0,398.0,2.0,2025-06-05,2025-06-07,2194.28,On Time,False,False,0.3443328550932568,0.4791926862167158,0.19983551457309318,0.7887029288702929,0.1111111111111111,False,True,False,False
1367,2025-05-21,Chennai,Chennai,910.8,141.5,167.0,4.0,2025-05-23,2025-05-27,1012.33,Delayed,False,False,0.33369904633302383,0.240395663685867,0.08139899289626369,0.3054393305439331,0.3333333333333333,False,False,False,True
1368,2025-04-05,Kolkata,Delhi,859.8,229.2,450.0,4.0,2025-04-05,2025-04-09,2883.38,On Time,False,False,0.3121782428896953,0.41564670030474093,0.26888632644119514,0.897489539748954,0.3333333333333333,False,False,True,False
1369,2025-01-07,Ahmedabad,Delhi,1103.2,521.625,193.0,3.0,2025-01-09,2025-01-12,6799.42,On Time,False,True,0.4148873322643261,1.0,0.6612905367270204,0.3598326359832636,0.2222222222222222,False,False,True,False
1370,2025-08-20,Hyderabad,Delhi,859.1,267.2,275.5,2.0,2025-08-20,2025-08-22,2148.31,On Time,False,False,0.3118828593130222,0.4915821551681071,0.19522912098496856,0.5324267782426778,0.1111111111111111,False,True,False,False
1371,2025-04-11,Ahmedabad,Mumbai,441.9,180.4,275.5,2.0,2025-04-12,2025-04-14,1423.94,On Time,False,False,0.13583424761583254,0.3181295898486287,0.12264410198497284,0.5324267782426778,0.1111111111111111,False,False,True,False
1372,2025-07-18,Chennai,Pune,1450.9,228.8,52.0,4.0,2025-07-18,2025-07-22,8666.92,On Time,False,False,0.5616085745632543,0.4148473797272319,0.8484221448589033,0.06485355648535565,0.3333333333333333,False,False,True,False
1373,2025-05-04,Kolkata,Mumbai,1438.8,230.4,21.0,5.0,2025-05-05,2025-05-10,3570.19,Delayed,False,False,0.55650265845219,0.41804466203726837,0.33770767036679544,0.0,0.4444444444444444,False,False,False,True
1374,2025-04-23,Kolkata,Kolkata,1479.4,123.7,107.0,7.0,2025-04-24,2025-05-01,1801.9,On Time,False,False,0.573634905899232,0.2048258979867113,0.16051733497534845,0.1799163179916318,0.6666666666666666,False,False,False,True
1375,2025-09-23,Ahmedabad,Hyderabad,406.7,136.7,468.0,3.0,2025-09-23,2025-09-26,1758.7,On Time,False,False,0.1209806734745548,0.23080381675575756,0.15618850741374346,0.9351464435146444,0.2222222222222222,False,False,False,True
1376,2025-01-29,Ahmedabad,Ahmedabad,1234.5,80.3,477.0,5.0,2025-01-30,2025-02-04,1664.68,Delayed,False,False,0.47029285171744445,0.11809961532697207,0.14676729520675033,0.9539748953974896,0.4444444444444444,False,True,False,False
1377,2025-08-09,Ahmedabad,Pune,1404.2,258.6,216.0,5.0,2025-08-11,2025-08-16,5272.84,On Time,False,False,0.541902270233775,0.47439676275166115,0.5083205927688037,0.40794979079497906,0.4444444444444444,False,False,True,False
1378,2025-08-13,Pune,Delhi,636.0,61.5,484.0,3.0,2025-08-14,2025-08-17,1793.09,On Time,False,False,0.21773989366191238,0.08053154818404355,0.1596345347249378,0.9686192468619247,0.2222222222222222,False,False,True,False
1379,2025-04-24,Bengaluru,Ahmedabad,1104.1,521.625,275.5,3.0,2025-04-24,2025-04-27,7001.27,Delayed,False,True,0.4152671111486201,1.0,0.6815167830999365,0.5324267782426778,0.2222222222222222,False,False,True,False
1380,2025-03-20,Bengaluru,Hyderabad,1047.7,228.8,484.0,4.0,2025-03-22,2025-03-26,3266.11,Delayed,False,False,0.39146763439952736,0.4148473797272319,0.307237534141498,0.9686192468619247,0.3333333333333333,False,False,True,False
1381,2025-01-02,Ahmedabad,Delhi,1929.0,338.6,130.0,5.0,2025-01-02,2025-01-07,8537.42,On Time,False,False,0.7633555574310068,0.6342608782534845,0.8354456826082587,0.2280334728033473,0.4444444444444444,False,False,True,False
1382,2025-10-09,Chennai,Kolkata,1966.0,182.8,37.0,7.0,2025-10-09,2025-10-16,6360.54,On Time,False,False,0.7789686893408726,0.3229255133136834,0.6173128552400482,0.03347280334728033,0.6666666666666666,False,False,True,False
1383,2025-10-12,Chennai,Ahmedabad,351.0,256.4,383.0,1.0,2025-10-13,2025-10-14,1144.79,Delayed,False,False,0.0974765803021352,0.4700004995753609,0.09467205999835161,0.7573221757322176,0.0,False,False,True,False
1384,2025-03-14,Ahmedabad,Kolkata,2222.3,205.1,203.0,5.0,2025-03-14,2025-03-19,5130.51,On Time,False,False,0.8871212760570513,0.36748763550981667,0.4940585088140991,0.3807531380753138,0.4444444444444444,False,True,False,False
1385,2025-01-10,Kolkata,Delhi,688.1,225.9,160.0,3.0,2025-01-10,2025-01-13,2963.14,On Time,False,False,0.23972487129715586,0.40905230554029076,0.2768786247354918,0.2907949790794979,0.2222222222222222,False,False,True,False
1386,2025-02-06,Delhi,Ahmedabad,1541.3,390.3,384.0,5.0,2025-02-08,2025-02-13,7427.62,Delayed,False,False,0.5997552536078994,0.737573062896538,0.7242389041853599,0.7594142259414226,0.4444444444444444,False,False,True,False
1387,2025-01-21,Bengaluru,Ahmedabad,1536.7,482.5,179.0,2.0,2025-01-22,2025-01-24,10179.607500000002,On Time,True,False,0.5978141615326188,0.9218164560123895,1.0,0.3305439330543933,0.1111111111111111,True,False,False,False
1388,2025-09-07,Chennai,Ahmedabad,651.9,464.1,381.0,3.0,2025-09-09,2025-09-12,3644.17,On Time,False,False,0.22444932061777362,0.8850477094469701,0.345120787566044,0.7531380753138075,0.2222222222222222,False,False,True,False
1389,2025-09-25,Ahmedabad,Ahmedabad,1322.0,521.625,113.0,3.0,2025-09-26,2025-09-29,6769.25,On Time,False,True,0.5072157988015866,1.0,0.6582673717378162,0.19246861924686193,0.2222222222222222,False,True,False,False
1390,2025-02-15,Ahmedabad,Pune,1051.6,149.9,61.0,5.0,2025-02-16,2025-02-21,3213.21,On Time,False,False,0.3931133428981348,0.2571813958135585,0.30193672446536596,0.08368200836820083,0.4444444444444444,False,False,True,False
1391,2025-08-13,Chennai,Kolkata,1349.4,268.9,175.0,4.0,2025-08-15,2025-08-19,4845.29,On Time,False,False,0.5187779559456495,0.4949792676225208,0.46547822647333564,0.32217573221757323,0.3333333333333333,False,False,True,False
1392,2025-02-23,Bengaluru,Delhi,1203.8,151.8,312.0,5.0,2025-02-23,2025-02-28,2181.28,On Time,False,False,0.4573381719976369,0.26097816855672684,0.1985328581309435,0.608786610878661,0.4444444444444444,False,True,False,False
1393,2025-04-21,Ahmedabad,Bengaluru,1638.4,382.4,127.0,6.0,2025-04-22,2025-04-28,8296.63,On Time,False,False,0.6407291754578446,0.7217864814907329,0.811317479169396,0.2217573221757322,0.5555555555555556,False,False,True,False
1394,2025-06-29,Hyderabad,Delhi,1133.9,127.0,88.0,3.0,2025-07-01,2025-07-04,9287.2,On Time,False,False,0.4278420119841337,0.2114202927511615,0.9105768939309485,0.1401673640167364,0.2222222222222222,True,False,False,False
1395,2025-08-04,Delhi,Kolkata,1024.5,393.6,379.0,5.0,2025-08-04,2025-08-09,4646.37,On Time,False,False,0.3816777787155034,0.7441674576609882,0.4455455788216119,0.7489539748953975,0.4444444444444444,False,False,True,False
1396,2025-09-20,Bengaluru,Hyderabad,1593.2,244.3,256.0,4.0,2025-09-22,2025-09-26,6132.68,On Time,False,False,0.621655835935522,0.44582105210571016,0.5944802939394158,0.4916317991631799,0.3333333333333333,False,False,True,False
1397,2025-01-14,Bengaluru,Ahmedabad,1361.2,211.1,227.0,5.0,2025-01-14,2025-01-19,2785.88,On Time,False,False,0.5237572790952822,0.37947744417245344,0.2591164031250728,0.4309623430962343,0.4444444444444444,False,True,False,False
1398,2025-02-28,Hyderabad,Chennai,1429.3,223.6,135.0,4.0,2025-03-01,2025-03-06,4835.45,On Time,False,False,0.5524938813401974,0.4044562122196133,0.46449221575097005,0.2384937238493724,0.3333333333333333,False,False,True,False
1399,2025-03-26,Mumbai,Chennai,800.9,114.7,28.0,3.0,2025-03-28,2025-03-31,6766.5,On Time,False,False,0.28732382479534135,0.18684118499275615,0.6579918097981308,0.014644351464435146,0.2222222222222222,True,False,False,False
1400,2025-04-04,Chennai,Hyderabad,629.6,120.2,45.0,1.0,2025-04-04,2025-04-05,5115.42,On Time,False,False,0.2150392438180437,0.1978318429335065,0.4925464252977884,0.0502092050209205,0.0,True,False,False,False
1401,2025-10-27,Pune,Mumbai,844.5,246.5,275.5,2.0,2025-10-29,2025-10-31,2612.89,On Time,False,False,0.30572200185669673,0.4502173152820103,0.24178205405372902,0.5324267782426778,0.1111111111111111,False,False,True,False
1402,2025-08-22,Delhi,Bengaluru,820.6,245.7,58.0,3.0,2025-08-22,2025-08-25,9130.92,On Time,False,False,0.29563676259599964,0.448618674126992,0.8949169594094756,0.07740585774058577,0.2222222222222222,True,False,False,False
1403,2025-04-07,Chennai,Hyderabad,1453.8,155.5,138.0,4.0,2025-04-07,2025-04-11,2755.95,On Time,False,False,0.5628323065237573,0.26837188389868616,0.2561172871778774,0.24476987447698745,0.3333333333333333,False,True,False,False
1404,2025-10-19,Chennai,Bengaluru,1539.2,190.7,457.0,4.0,2025-10-20,2025-10-24,5433.96,On Time,False,False,0.59886910287788,0.33871209471948843,0.5244655163041231,0.9121338912133892,0.3333333333333333,False,False,True,False
1405,2025-05-30,Delhi,Kolkata,1030.2,280.2,185.0,4.0,2025-05-31,2025-06-04,3837.47,Delayed,False,False,0.38408304498269896,0.5175600739371534,0.36449028681739226,0.34309623430962344,0.3333333333333333,False,False,True,False
1406,2025-05-31,Delhi,Pune,1743.9,141.1,377.0,4.0,2025-06-02,2025-06-06,3856.07,On Time,False,False,0.6852477002278673,0.23959634310835787,0.36635408757308335,0.7447698744769874,0.3333333333333333,False,False,True,False
1407,2025-05-11,Chennai,Chennai,1715.8,74.7,184.0,5.0,2025-05-13,2025-05-18,4582.43,On Time,False,False,0.6733901595071313,0.10690912724184443,0.4391385132130697,0.3410041841004184,0.4444444444444444,False,False,True,False
1408,2025-02-13,Pune,Hyderabad,1209.5,443.3,467.0,4.0,2025-02-15,2025-02-19,10179.607500000002,Delayed,True,False,0.45974343826483244,0.843483039416496,1.0,0.9330543933054394,0.3333333333333333,True,False,False,False
1409,2025-10-08,Mumbai,Kolkata,730.1,255.3,414.0,4.0,2025-10-09,2025-10-13,1750.13,Delayed,False,False,0.2574478858975441,0.4678023679872109,0.15532975620534173,0.8221757322175732,0.3333333333333333,False,True,False,False
1410,2025-01-05,Chennai,Mumbai,1808.9,220.35000000000002,245.0,5.0,2025-01-05,2025-01-10,3830.26,On Time,False,False,0.7126761752046586,0.3979617325273518,0.3637678135137078,0.4686192468619247,0.4444444444444444,False,True,False,False
1411,2025-02-22,Mumbai,Bengaluru,1072.5,151.5,348.0,3.0,2025-02-24,2025-02-27,9190.18,On Time,False,False,0.4019326525445185,0.26037867812359494,0.900855068698844,0.6841004184100419,0.2222222222222222,True,False,False,False
1412,2025-03-10,Bengaluru,Mumbai,1156.8,140.3,218.0,5.0,2025-03-11,2025-03-16,3380.57,On Time,False,False,0.43750527470672623,0.23799770195333966,0.3187069230929172,0.4121338912133891,0.4444444444444444,False,False,True,False
1413,2025-03-25,Chennai,Ahmedabad,947.2,381.7,473.0,4.0,2025-03-25,2025-03-29,2140.8,On Time,False,False,0.349058992320027,0.7203876704800919,0.19447658637877288,0.9456066945606695,0.3333333333333333,False,False,False,True
1414,2025-02-09,Pune,Bengaluru,699.6,103.9,192.0,2.0,2025-02-11,2025-02-13,1730.92,Delayed,False,False,0.2445776014853574,0.16525952940000999,0.15340483080121134,0.3577405857740586,0.1111111111111111,False,False,True,False
1415,2025-01-06,Bengaluru,Chennai,439.1,268.5,421.0,1.0,2025-01-07,2025-01-08,1689.3,On Time,False,False,0.13465271330914,0.4941799470450117,0.14923432609949838,0.8368200836820083,0.0,False,False,True,False
1416,2025-07-23,Pune,Kolkata,1384.8,268.4,315.0,6.0,2025-07-24,2025-07-30,5301.62,Delayed,False,False,0.533715925394548,0.4939801169006344,0.5112044737230396,0.6150627615062761,0.5555555555555556,False,False,True,False
1417,2025-10-18,Hyderabad,Bengaluru,747.5,320.3,328.0,3.0,2025-10-19,2025-10-22,2528.04,On Time,False,False,0.26479027766056207,0.5976919618324424,0.23327971566015993,0.6422594142259415,0.2222222222222222,False,True,False,False
1418,2025-02-06,Kolkata,Chennai,2476.8,179.3,188.0,5.0,2025-02-08,2025-02-13,5012.96,On Time,False,False,0.9945143050046418,0.31593145826047864,0.48227948844681506,0.3493723849372385,0.4444444444444444,False,True,False,False
1419,2025-03-30,Pune,Chennai,611.3,424.7,419.0,2.0,2025-03-30,2025-04-01,2880.93,On Time,False,False,0.20731707317073167,0.806314632562322,0.26864082580402077,0.8326359832635983,0.1111111111111111,False,False,True,False
1420,2025-06-01,Kolkata,Kolkata,534.2,325.0,275.5,2.0,2025-06-02,2025-06-04,1096.26,Delayed,False,False,0.1747826820828762,0.6070839786181745,0.08980914329546526,0.5324267782426778,0.1111111111111111,False,False,False,True
1421,2025-10-06,Ahmedabad,Chennai,1329.6,176.1,411.0,5.0,2025-10-06,2025-10-11,4135.92,On Time,False,False,0.5104228204911806,0.30953689364040565,0.39439627259889726,0.8158995815899581,0.4444444444444444,False,False,True,False
1422,2025-07-28,Ahmedabad,Pune,1788.2,147.7,404.0,5.0,2025-07-29,2025-08-03,5067.98,On Time,False,False,0.7039412608658958,0.25278513263725827,0.4877927313273592,0.801255230125523,0.4444444444444444,False,False,True,False
1423,2025-08-18,Bengaluru,Mumbai,1129.1,205.4,95.0,3.0,2025-08-18,2025-08-21,3868.94,On Time,False,False,0.4258165246012321,0.3680871259429485,0.3676437174508115,0.15481171548117154,0.2222222222222222,False,False,True,False
1424,2025-06-24,Hyderabad,Pune,1357.5,173.0,440.0,4.0,2025-06-25,2025-06-29,3660.43,On Time,False,False,0.5221959659042957,0.30334215916471,0.3467501101621481,0.8765690376569037,0.3333333333333333,False,False,True,False
1425,2025-05-06,Chennai,Chennai,270.4,134.8,424.0,2.0,2025-05-08,2025-05-10,540.95,On Time,False,False,0.06346527133091398,0.2270070440125893,0.03416467030391726,0.8430962343096234,0.1111111111111111,False,False,True,False
1426,2025-03-01,Pune,Bengaluru,795.1,228.7,275.5,2.0,2025-03-02,2025-03-04,8300.95,On Time,False,False,0.2848763608743354,0.41464754958285455,0.8117503619255566,0.5324267782426778,0.1111111111111111,True,False,False,False
1427,2025-09-17,Hyderabad,Delhi,616.9,191.3,491.0,4.0,2025-09-19,2025-09-23,1738.68,On Time,False,False,0.20968014178411679,0.3399110755857522,0.15418241649283299,0.9832635983263598,0.3333333333333333,False,False,True,False
1428,2025-08-30,Ahmedabad,Kolkata,247.2,474.5,272.0,1.0,2025-09-01,2025-09-02,1371.88,On Time,False,False,0.053675415646890025,0.9058300444622072,0.117427463955872,0.5251046025104602,0.0,False,True,False,False
1429,2025-01-08,Chennai,Pune,1152.6,172.9,174.0,2.0,2025-01-08,2025-01-10,10179.607500000002,On Time,True,False,0.4357329732466874,0.3031423290203327,1.0,0.3200836820083682,0.1111111111111111,True,False,False,False
1430,2025-08-03,Pune,Chennai,120.0,147.0,127.0,1.0,2025-08-04,2025-08-05,401.33,On Time,False,False,0.0,0.25138632162661734,0.02017414011522998,0.2217573221757322,0.0,False,False,True,False
1431,2025-01-26,Kolkata,Delhi,505.0,221.2,275.5,3.0,2025-01-27,2025-01-30,1601.83,Delayed,False,False,0.16246096717022532,0.3996602887545586,0.14046945233066527,0.5324267782426778,0.2222222222222222,False,False,True,False
1432,2025-08-10,Delhi,Bengaluru,858.3,251.2,38.0,4.0,2025-08-11,2025-08-15,3157.24,Delayed,False,False,0.31154527808253857,0.4596093320677424,0.2963282874602031,0.03556485355648536,0.3333333333333333,False,False,True,False
1433,2025-09-05,Delhi,Delhi,725.9,260.9,351.0,3.0,2025-09-07,2025-09-10,1453.44,On Time,False,False,0.25567558443750527,0.4789928560723385,0.12560013006523552,0.6903765690376569,0.2222222222222222,False,True,False,False
1434,2025-02-09,Bengaluru,Chennai,1278.4,259.7,359.0,3.0,2025-02-10,2025-02-13,3143.14,On Time,False,False,0.48881762174023125,0.47659489433981117,0.2949154062421793,0.7071129707112971,0.2222222222222222,False,True,False,False
1435,2025-05-11,Chennai,Kolkata,1237.5,225.0,340.0,4.0,2025-05-11,2025-05-15,2596.08,On Time,False,False,0.47155878133175794,0.40725383424089523,0.2400976190696878,0.6673640167364017,0.3333333333333333,False,True,False,False
1436,2025-02-07,Mumbai,Bengaluru,1502.2,216.7,283.0,3.0,2025-02-08,2025-02-11,10179.607500000002,Delayed,True,False,0.5832559709680142,0.39066793225758106,1.0,0.5481171548117155,0.2222222222222222,True,False,False,False
1437,2025-06-20,Kolkata,Hyderabad,1438.6,298.2,194.0,4.0,2025-06-20,2025-06-24,5038.93,On Time,False,False,0.5564182631445691,0.5535294999250637,0.4848817952008633,0.3619246861924686,0.3333333333333333,False,False,True,False
1438,2025-10-06,Hyderabad,Hyderabad,1613.4,128.1,367.0,6.0,2025-10-07,2025-10-13,4115.79,On Time,False,False,0.6301797620052325,0.21361842433931155,0.39237915920039934,0.7238493723849372,0.5555555555555556,False,False,True,False
1439,2025-01-25,Chennai,Pune,1099.1,147.6,438.0,4.0,2025-01-26,2025-01-30,3856.07,Delayed,False,False,0.41315722845809766,0.252585302492881,0.36635408757308335,0.8723849372384938,0.3333333333333333,False,False,True,False
1440,2025-04-30,Ahmedabad,Mumbai,1236.6,89.0,62.0,2.0,2025-05-02,2025-05-04,9403.05,On Time,False,False,0.47117900244746386,0.13548483788779536,0.9221855669173359,0.08577405857740586,0.1111111111111111,True,False,False,False
1441,2025-10-19,Pune,Chennai,1330.2,129.3,275.5,4.0,2025-10-19,2025-10-23,4080.03,On Time,False,False,0.5106760064140433,0.21601638607183896,0.3887958519410708,0.5324267782426778,0.3333333333333333,False,False,True,False
1442,2025-04-01,Bengaluru,Mumbai,1163.7,228.8,497.0,5.0,2025-04-02,2025-04-07,5680.9,On Time,False,False,0.44041691281964723,0.4148473797272319,0.5492099764444642,0.99581589958159,0.4444444444444444,False,False,True,False
1443,2025-02-09,Ahmedabad,Mumbai,921.3,292.0,433.0,5.0,2025-02-09,2025-02-14,3877.88,On Time,False,False,0.33812979998312087,0.5411400309736724,0.36853954426564367,0.8619246861924686,0.4444444444444444,False,False,True,False
1444,2025-05-27,Kolkata,Delhi,950.4,505.7,497.0,4.0,2025-05-28,2025-05-31,5179.49,On Time,False,False,0.35040931724196134,0.9681770495079183,0.4989665174707521,0.99581589958159,0.3333333333333333,False,False,True,False
1445,2025-06-02,Delhi,Bengaluru,732.1,446.5,275.5,4.0,2025-06-03,2025-06-07,2201.76,Delayed,False,False,0.2582918389737531,0.8498776040365689,0.20058504304903774,0.5324267782426778,0.3333333333333333,False,True,False,False
1446,2025-07-18,Mumbai,Ahmedabad,1289.7,293.2,243.0,6.0,2025-07-19,2025-07-25,2922.78,On Time,False,False,0.49358595662081184,0.5435379927061997,0.27283437750432565,0.46443514644351463,0.5555555555555556,False,False,False,True
1447,2025-04-05,Ahmedabad,Pune,1057.7,237.9,82.0,4.0,2025-04-05,2025-04-09,3810.43,On Time,False,False,0.3956873997805722,0.4330319228655643,0.361780761417721,0.12761506276150628,0.3333333333333333,False,False,True,False
1448,2025-10-14,Ahmedabad,Hyderabad,801.6,223.4,435.0,3.0,2025-10-14,2025-10-17,1758.7,Delayed,False,False,0.2876192083720145,0.4040565519308588,0.15618850741374346,0.8661087866108786,0.2222222222222222,False,False,False,True
1449,2025-06-06,Hyderabad,Pune,802.0,59.1,269.0,3.0,2025-06-07,2025-06-10,5287.73,Delayed,False,False,0.28778799898725627,0.07573562471898887,0.5098126354167735,0.5188284518828452,0.2222222222222222,True,False,False,False
1450,2025-03-27,Mumbai,Delhi,555.3,230.4,136.0,4.0,2025-03-28,2025-04-01,1530.6,On Time,False,False,0.18368638703688073,0.41804466203726837,0.1333318970711022,0.2405857740585774,0.3333333333333333,False,False,False,True
1451,2025-10-16,Chennai,Pune,1540.5,161.7,63.0,6.0,2025-10-16,2025-10-22,2273.53,On Time,False,False,0.5994176723774157,0.2807613528500774,0.20777670865312087,0.08786610878661087,0.5555555555555556,False,False,False,True
1452,2025-10-05,Mumbai,Ahmedabad,1135.4,213.1,374.0,3.0,2025-10-06,2025-10-09,9916.89,On Time,False,False,0.42847497679129043,0.383474047059999,0.9736745658584266,0.7384937238493724,0.2222222222222222,True,False,False,False
1453,2025-05-30,Mumbai,Mumbai,711.7,270.2,409.0,4.0,2025-05-30,2025-06-03,2324.55,On Time,False,False,0.24968351759642163,0.4975770594994255,0.21288913416684974,0.8117154811715481,0.3333333333333333,False,True,False,False
1454,2025-01-08,Delhi,Kolkata,1463.8,197.9,442.0,6.0,2025-01-09,2025-01-15,2096.86,On Time,False,False,0.567052071904802,0.3530998651146526,0.19007360760430705,0.8807531380753139,0.5555555555555556,False,False,False,True
1455,2025-06-29,Bengaluru,Pune,847.8,230.4,486.0,3.0,2025-06-30,2025-07-03,1350.02,On Time,False,False,0.3071145244324415,0.41804466203726837,0.11523699704622649,0.9728033472803347,0.2222222222222222,False,False,False,True
1456,2025-06-16,Mumbai,Kolkata,467.1,121.8,275.5,4.0,2025-06-18,2025-06-22,323.84,Delayed,False,False,0.1464680563760655,0.20102912524354297,0.012409305676601003,0.5324267782426778,0.3333333333333333,False,False,False,True
1457,2025-02-14,Ahmedabad,Pune,1559.6,331.9,397.0,4.0,2025-02-16,2025-02-20,3856.07,On Time,False,False,0.6074774242552113,0.6208722585802068,0.36635408757308335,0.7866108786610879,0.3333333333333333,False,False,True,False
1458,2025-07-10,Kolkata,Ahmedabad,858.3,172.5,409.0,2.0,2025-07-12,2025-07-14,8166.22,On Time,False,False,0.31154527808253857,0.30234300844282364,0.798249830967801,0.8117154811715481,0.1111111111111111,True,False,False,False
1459,2025-09-10,Chennai,Kolkata,916.0,263.0,499.0,3.0,2025-09-10,2025-09-13,2244.75,On Time,False,False,0.33589332433116714,0.4831892891042614,0.20489282769888492,1.0,0.2222222222222222,False,True,False,False
1460,2025-02-01,Bengaluru,Mumbai,1118.5,180.2,242.0,5.0,2025-02-03,2025-02-08,3540.66,Delayed,False,False,0.42134357329732464,0.3177299295598741,0.33474863615628164,0.46234309623430964,0.4444444444444444,False,False,True,False
1461,2025-08-05,Pune,Chennai,1614.2,52.3,384.0,5.0,2025-08-06,2025-08-11,3705.6,On Time,False,False,0.6305173432357161,0.06214717490133386,0.3512763402769096,0.7594142259414226,0.4444444444444444,False,False,True,False
1462,2025-02-12,Chennai,Delhi,1109.0,275.6,413.0,5.0,2025-02-13,2025-02-18,3731.29,On Time,False,False,0.4173347961853321,0.5083678872957986,0.3538505898152807,0.8200836820083682,0.4444444444444444,False,False,True,False
1463,2025-08-13,Mumbai,Kolkata,560.4,204.6,75.0,4.0,2025-08-15,2025-08-19,3856.07,On Time,False,False,0.18583846738121357,0.3664884847879303,0.36635408757308335,0.11297071129707113,0.3333333333333333,False,False,True,False
1464,2025-05-06,Mumbai,Bengaluru,1344.7,85.4,351.0,5.0,2025-05-06,2025-05-11,3177.01,On Time,False,False,0.5167946662165583,0.12829095269021332,0.2983093272956877,0.6903765690376569,0.4444444444444444,False,False,True,False
1465,2025-01-02,Pune,Kolkata,881.8,113.6,182.0,4.0,2025-01-02,2025-01-06,1718.74,On Time,False,False,0.3214617267279939,0.18464305340460607,0.1521843419192588,0.3368200836820084,0.3333333333333333,False,True,False,False
1466,2025-10-17,Mumbai,Delhi,1949.6,336.7,83.0,5.0,2025-10-19,2025-10-24,10179.607500000002,Delayed,True,False,0.7720482741159591,0.6304641055103162,1.0,0.1297071129707113,0.4444444444444444,True,False,False,False
1467,2025-02-19,Hyderabad,Chennai,1099.5,87.9,101.0,4.0,2025-02-20,2025-02-24,2213.87,On Time,False,False,0.4133260190733395,0.1332867062996453,0.20179851762707096,0.16736401673640167,0.3333333333333333,False,True,False,False
1468,2025-06-28,Kolkata,Hyderabad,120.0,170.1,74.0,3.0,2025-06-29,2025-07-02,214.6,On Time,False,False,0.0,0.2975470849777689,0.001462983388875764,0.1108786610878661,0.2222222222222222,False,True,False,False
1469,2025-02-24,Pune,Mumbai,1260.8,521.625,450.0,4.0,2025-02-24,2025-02-28,6621.33,On Time,False,True,0.4813908346695923,1.0,0.6434451455129873,0.897489539748954,0.3333333333333333,False,False,True,False
1470,2025-10-07,Mumbai,Delhi,1975.1,279.2,390.0,5.0,2025-10-08,2025-10-13,7708.18,On Time,False,False,0.7828086758376234,0.5155617724933806,0.7523522342937835,0.7719665271966527,0.4444444444444444,False,False,True,False
1471,2025-08-10,Ahmedabad,Ahmedabad,1809.2,313.9,69.0,5.0,2025-08-10,2025-08-15,7576.08,On Time,False,False,0.7128027681660899,0.5849028325922965,0.7391152407547089,0.100418410041841,0.4444444444444444,False,False,True,False
1472,2025-08-30,Hyderabad,Mumbai,1923.9,189.0,320.0,9.0,2025-08-31,2025-09-09,2784.8,On Time,False,False,0.7612034770866739,0.3353149822650747,0.25900818243603263,0.6255230125523012,0.8888888888888888,False,False,False,True
1473,2025-05-10,Kolkata,Kolkata,641.1,80.9,275.5,3.0,2025-05-11,2025-05-13,1072.89,On Time,False,False,0.21989197400624524,0.11929859619323575,0.08746736782984701,0.5324267782426778,0.2222222222222222,False,True,False,False
1474,2025-05-21,Delhi,Delhi,1510.5,241.6,269.0,4.0,2025-05-23,2025-05-29,5347.62,On Time,False,False,0.5867583762342813,0.4404256382075236,0.5158138734414153,0.5188284518828452,0.3333333333333333,False,False,True,False
1475,2025-07-10,Ahmedabad,Mumbai,775.1,118.1,310.0,4.0,2025-07-12,2025-07-16,1678.9,On Time,False,False,0.27643683011224573,0.19363540990158362,0.14819220094577867,0.604602510460251,0.3333333333333333,False,False,True,False
1476,2025-08-24,Chennai,Kolkata,1200.9,228.8,455.0,4.0,2025-08-24,2025-08-28,3369.12,On Time,False,False,0.4561144400371339,0.4148473797272319,0.3175595833804084,0.9079497907949791,0.3333333333333333,False,False,True,False
1477,2025-09-12,Kolkata,Bengaluru,527.2,227.7,269.0,4.0,2025-09-12,2025-09-16,1680.17,On Time,False,False,0.17182884631614484,0.41264924813908177,0.1483194604597425,0.5188284518828452,0.3333333333333333,False,False,True,False
1478,2025-01-06,Kolkata,Delhi,810.0,122.8,336.0,3.0,2025-01-07,2025-01-10,980.09,On Time,False,False,0.2911638112920921,0.20302742668731577,0.07816840491973255,0.6589958158995816,0.2222222222222222,False,False,False,True
1479,2025-07-19,Delhi,Mumbai,795.7,214.5,294.0,3.0,2025-07-21,2025-07-24,1669.45,On Time,False,False,0.2851295467971981,0.3862716690812809,0.14724526991667755,0.5711297071129707,0.2222222222222222,False,True,False,False
1480,2025-02-02,Kolkata,Delhi,1504.3,150.3,210.0,6.0,2025-02-02,2025-02-08,4774.11,On Time,False,False,0.5841421216980335,0.2579807163910676,0.45834568143085774,0.39539748953974896,0.5555555555555556,False,False,True,False
1481,2025-03-28,Delhi,Hyderabad,1460.3,210.7,447.0,5.0,2025-03-29,2025-04-03,3278.51,On Time,False,False,0.5655751540214363,0.3786781235949443,0.30848006797862537,0.891213389121339,0.4444444444444444,False,True,False,False
1482,2025-09-06,Mumbai,Pune,1224.6,164.2,218.0,3.0,2025-09-07,2025-09-10,3736.1,Delayed,False,False,0.46611528399021007,0.2857571064595094,0.3543325726988761,0.4121338912133891,0.2222222222222222,False,False,True,False
1483,2025-03-17,Chennai,Delhi,492.3,213.7,403.0,3.0,2025-03-17,2025-03-20,984.59,On Time,False,False,0.15710186513629842,0.3846730279262627,0.07861932445739975,0.799163179916318,0.2222222222222222,False,True,False,False
1484,2025-08-28,Mumbai,Chennai,959.8,428.3,310.0,4.0,2025-08-29,2025-09-02,4949.62,On Time,False,False,0.3543758967001434,0.8135085177599041,0.47593254544329516,0.604602510460251,0.3333333333333333,False,False,True,False
1485,2025-05-19,Kolkata,Chennai,764.2,317.4,275.5,4.0,2025-05-19,2025-05-23,3599.53,Delayed,False,False,0.2718372858469069,0.5918968876455013,0.34064766575238553,0.5324267782426778,0.3333333333333333,False,False,True,False
1486,2025-03-11,Pune,Chennai,1491.4,201.6,384.0,6.0,2025-03-12,2025-03-18,2664.12,On Time,False,False,0.5786986243564858,0.3604935804566119,0.2469155224792157,0.7594142259414226,0.5555555555555556,False,False,False,True
1487,2025-04-11,Delhi,Delhi,1630.2,394.8,373.0,4.0,2025-04-13,2025-04-18,7967.44,On Time,False,False,0.6372689678453878,0.7465654193935155,0.7783312119239156,0.7364016736401674,0.3333333333333333,False,False,True,False
1488,2025-06-09,Mumbai,Mumbai,1575.4,264.9,290.0,3.0,2025-06-10,2025-06-13,4158.97,On Time,False,False,0.6141446535572622,0.48698606184742965,0.39670598267517027,0.5627615062761506,0.2222222222222222,False,True,False,False
1489,2025-08-18,Mumbai,Bengaluru,760.2,381.4,315.0,4.0,2025-08-18,2025-08-22,1357.38,Delayed,False,False,0.270149379694489,0.71978818004696,0.11597450100116662,0.6150627615062761,0.3333333333333333,False,False,False,True
1490,2025-07-01,Bengaluru,Chennai,120.0,93.7,264.0,3.0,2025-07-03,2025-07-06,200.0,On Time,False,False,0.0,0.1448768546735275,0.0,0.5083682008368201,0.2222222222222222,False,False,True,False
1491,2025-10-07,Chennai,Chennai,304.9,123.6,182.0,3.0,2025-10-07,2025-10-10,2432.89,On Time,False,False,0.07802346189551859,0.204626067842334,0.2237452725470415,0.3368200836820084,0.2222222222222222,True,False,False,False
1492,2025-09-18,Kolkata,Chennai,1739.7,240.2,368.0,4.0,2025-09-20,2025-09-24,3959.26,On Time,False,False,0.6834753987678285,0.4376280161862417,0.3766941735935005,0.7259414225941423,0.3333333333333333,False,True,False,False
1493,2025-08-15,Mumbai,Ahmedabad,919.4,199.0,441.0,3.0,2025-08-17,2025-08-20,2707.76,On Time,False,False,0.3373280445607224,0.35529799670280265,0.2512884399511704,0.8786610878661087,0.2222222222222222,False,False,True,False
1494,2025-06-30,Chennai,Bengaluru,762.2,213.9,358.0,3.0,2025-07-01,2025-07-04,7222.51,Delayed,False,False,0.2709933327706979,0.3850726882150173,0.7036859916584894,0.7050209205020921,0.2222222222222222,True,False,False,False
1495,2025-03-28,Kolkata,Kolkata,1839.2,286.5,390.0,6.0,2025-03-28,2025-04-03,6858.58,On Time,False,False,0.7254620643092243,0.530149373032922,0.6672186255822184,0.7719665271966527,0.5555555555555556,False,False,True,False
1496,2025-05-04,Kolkata,Delhi,1669.3,241.4,418.0,6.0,2025-05-06,2025-05-12,3941.05,On Time,False,False,0.653768250485273,0.4400259779187691,0.37486945253107395,0.8305439330543933,0.5555555555555556,False,True,False,False
1497,2025-02-05,Bengaluru,Pune,1111.0,332.5,196.0,3.0,2025-02-07,2025-02-10,4749.53,Delayed,False,False,0.418178749261541,0.6220712394464705,0.45588265871177786,0.36610878661087864,0.2222222222222222,False,False,True,False
1498,2025-04-23,Pune,Ahmedabad,968.0,328.0,50.0,4.0,2025-04-24,2025-04-28,3885.76,On Time,False,False,0.3578361043126002,0.613078882949493,0.36932915447826975,0.060669456066945605,0.3333333333333333,False,False,True,False
1499,2025-10-05,Kolkata,Mumbai,1040.6,126.9,182.0,2.0,2025-10-07,2025-10-09,1932.66,On Time,False,False,0.3884716009789855,0.21122046260678423,0.1736200546965399,0.3368200836820084,0.1111111111111111,False,True,False,False
1500,2025-05-08,Pune,Ahmedabad,1202.2,53.5,382.0,5.0,2025-05-10,2025-05-15,2516.19,On Time,False,False,0.4566630095366698,0.06454513663386122,0.2320922942109697,0.7552301255230126,0.4444444444444444,False,False,True,False
1501,2025-02-04,Bengaluru,Hyderabad,1820.0,122.4,411.0,6.0,2025-02-06,2025-02-12,3625.01,On Time,False,False,0.7173601147776183,0.20222810610980665,0.3432008723789988,0.8158995815899581,0.5555555555555556,False,True,False,False
1502,2025-07-15,Chennai,Mumbai,1290.1,118.0,266.0,3.0,2025-07-15,2025-07-18,3415.43,On Time,False,False,0.4937547472360536,0.19343557975720638,0.3222000464447123,0.5125523012552301,0.2222222222222222,False,False,True,False
1503,2025-10-16,Delhi,Pune,1426.7,222.2,393.0,5.0,2025-10-17,2025-10-22,2681.73,On Time,False,False,0.5513967423411258,0.4016585901983314,0.24868012093661995,0.7782426778242678,0.4444444444444444,False,False,False,True
1504,2025-09-18,Chennai,Mumbai,1626.2,220.8,55.0,5.0,2025-09-18,2025-09-23,3807.73,On Time,False,False,0.6355810616929698,0.3988609681770495,0.3615102096951207,0.07112970711297072,0.4444444444444444,False,True,False,False
1505,2025-03-24,Bengaluru,Mumbai,573.6,192.8,329.0,1.0,2025-03-24,2025-03-25,5165.1,On Time,False,False,0.19140855768419276,0.34290852775141134,0.4975245769936342,0.6443514644351465,0.0,True,False,False,False
1506,2025-05-17,Delhi,Mumbai,1439.7,270.0,345.0,5.0,2025-05-18,2025-05-23,3644.04,On Time,False,False,0.556882437336484,0.49717739921067094,0.3451077610016225,0.6778242677824268,0.4444444444444444,False,True,False,False
1507,2025-06-09,Ahmedabad,Kolkata,967.4,228.8,263.0,5.0,2025-06-09,2025-06-14,6036.64,Delayed,False,False,0.3575829183897375,0.4148473797272319,0.584856668962181,0.5062761506276151,0.4444444444444444,False,False,True,False
1508,2025-03-16,Kolkata,Bengaluru,120.0,190.6,363.0,1.0,2025-03-16,2025-03-17,1130.18,On Time,False,False,0.0,0.33851226457511113,0.09320807456605883,0.7154811715481172,0.0,True,False,False,False
1509,2025-03-22,Pune,Kolkata,142.3,245.3,255.0,1.0,2025-03-24,2025-03-25,294.4,On Time,False,False,0.009410076799729938,0.447819353549483,0.009459289856840558,0.4895397489539749,0.0,False,False,True,False
1510,2025-03-12,Hyderabad,Mumbai,641.8,213.9,271.0,4.0,2025-03-13,2025-03-17,1571.15,On Time,False,False,0.22018735758291835,0.3850726882150173,0.13739518312719212,0.5230125523012552,0.3333333333333333,False,True,False,False
1511,2025-10-26,Chennai,Delhi,1339.1,156.5,309.0,2.0,2025-10-27,2025-10-29,10179.607500000002,On Time,True,False,0.5144315976031731,0.27037018534245894,1.0,0.602510460251046,0.1111111111111111,True,False,False,False
1512,2025-08-12,Delhi,Pune,1151.2,287.8,401.0,4.0,2025-08-12,2025-08-16,4561.44,On Time,False,False,0.4351422060933412,0.5327471649098267,0.43703522408070644,0.7949790794979079,0.3333333333333333,False,False,True,False
1513,2025-09-10,Hyderabad,Ahmedabad,1183.0,185.8,139.0,2.0,2025-09-12,2025-09-14,10179.607500000002,On Time,False,False,0.4485610600050637,0.3289204176450018,1.0,0.24686192468619247,0.1111111111111111,True,False,False,False
1514,2025-09-02,Chennai,Pune,1977.9,228.8,164.0,6.0,2025-09-03,2025-09-09,5892.98,On Time,False,False,0.7839902101443159,0.4148473797272319,0.5704613132330103,0.29916317991631797,0.5555555555555556,False,False,True,False
1515,2025-10-15,Delhi,Mumbai,528.9,144.6,221.0,3.0,2025-10-16,2025-10-19,1296.36,Delayed,False,False,0.17254620643092242,0.24659039816156264,0.10986003207039953,0.41841004184100417,0.2222222222222222,False,False,True,False
1516,2025-02-01,Ahmedabad,Pune,1087.7,338.4,116.0,5.0,2025-02-01,2025-02-06,4723.77,On Time,False,False,0.40834669592370665,0.6338612179647299,0.45330139486948756,0.19874476987447698,0.4444444444444444,False,False,True,False
1517,2025-09-22,Kolkata,Hyderabad,1237.0,284.3,275.5,5.0,2025-09-22,2025-09-27,4919.44,On Time,False,False,0.4713477930627057,0.5257531098566219,0.47290837841067385,0.5324267782426778,0.4444444444444444,False,False,True,False
1518,2025-01-20,Mumbai,Bengaluru,768.7,165.8,188.0,2.0,2025-01-20,2025-01-22,7482.75,On Time,False,False,0.2737361802683771,0.28895438876954593,0.7297631695434914,0.3493723849372385,0.1111111111111111,True,False,False,False
1519,2025-05-23,Kolkata,Delhi,1112.7,267.8,170.0,4.0,2025-05-23,2025-05-27,3793.32,On Time,False,False,0.41889610937631866,0.4927811360343708,0.3600662651311687,0.3117154811715481,0.3333333333333333,False,False,True,False
1520,2025-06-28,Kolkata,Ahmedabad,380.0,215.2,216.0,2.0,2025-06-30,2025-07-02,1023.99,On Time,False,False,0.10971389990716515,0.38767048009192184,0.08256737552053023,0.40794979079497906,0.1111111111111111,False,False,True,False
1521,2025-04-18,Pune,Kolkata,1734.5,247.4,262.0,6.0,2025-04-19,2025-04-25,5068.32,On Time,False,False,0.6812811207696852,0.45201578658140584,0.4878268008035385,0.50418410041841,0.5555555555555556,False,True,False,False
1522,2025-02-13,Hyderabad,Mumbai,793.3,154.3,354.0,1.0,2025-02-14,2025-02-15,6956.03,On Time,False,False,0.2841168031057473,0.2659739221661588,0.6769835386812556,0.696652719665272,0.0,True,False,False,False
1523,2025-02-27,Delhi,Delhi,2014.1,120.0,165.0,3.0,2025-03-01,2025-03-04,10179.607500000002,On Time,True,False,0.7992657608236982,0.19743218264475196,1.0,0.301255230125523,0.2222222222222222,True,False,False,False
1524,2025-09-05,Delhi,Kolkata,1085.4,185.2,425.0,4.0,2025-09-07,2025-09-11,3286.58,On Time,False,False,0.40737614988606635,0.32772143677873805,0.30928871701617516,0.8451882845188284,0.3333333333333333,False,False,True,False
1525,2025-04-06,Bengaluru,Mumbai,1562.6,228.8,250.0,6.0,2025-04-06,2025-04-12,3525.48,On Time,False,False,0.6087433538695247,0.4148473797272319,0.33322753424921764,0.4790794979079498,0.5555555555555556,False,False,True,False
1526,2025-04-04,Mumbai,Chennai,1076.0,126.3,366.0,5.0,2025-04-05,2025-04-10,3856.07,Delayed,False,False,0.40340957042788417,0.21002148174052054,0.36635408757308335,0.7217573221757322,0.4444444444444444,False,False,True,False
1527,2025-10-05,Chennai,Kolkata,1086.2,96.9,75.0,2.0,2025-10-06,2025-10-08,2072.64,On Time,False,False,0.4077137311165499,0.15127141929360044,0.18764665844824052,0.11297071129707113,0.1111111111111111,False,True,False,False
1528,2025-02-13,Delhi,Ahmedabad,837.2,53.8,103.0,2.0,2025-02-13,2025-02-15,1571.27,On Time,False,False,0.30264157312853407,0.06514462706699305,0.13740720764819656,0.17154811715481172,0.1111111111111111,False,False,True,False
1529,2025-10-02,Mumbai,Mumbai,1153.6,228.8,237.0,4.0,2025-10-04,2025-10-08,3383.61,On Time,False,False,0.4361549497847919,0.4148473797272319,0.3190115442916968,0.45188284518828453,0.3333333333333333,False,False,True,False
1530,2025-10-04,Ahmedabad,Bengaluru,1243.1,369.8,195.0,4.0,2025-10-05,2025-10-09,5962.41,On Time,False,False,0.47392184994514297,0.6966078832991958,0.5774185006775064,0.36401673640167365,0.3333333333333333,False,False,True,False
1531,2025-06-29,Mumbai,Ahmedabad,747.1,324.9,258.0,2.0,2025-06-30,2025-07-02,8970.76,On Time,False,False,0.2646214870453203,0.6068841484737972,0.8788682320421919,0.49581589958158995,0.1111111111111111,True,False,False,False
1532,2025-02-19,Mumbai,Pune,1043.7,460.1,275.5,3.0,2025-02-20,2025-02-23,5083.74,On Time,False,False,0.38977972824710944,0.877054503671879,0.4893719517526114,0.5324267782426778,0.2222222222222222,False,False,True,False
1533,2025-02-16,Ahmedabad,Ahmedabad,825.5,123.3,247.0,4.0,2025-02-18,2025-02-22,2180.85,On Time,False,False,0.2977044476327116,0.20402657740920216,0.19848977026401085,0.47280334728033474,0.3333333333333333,False,False,True,False
1534,2025-03-27,Delhi,Delhi,2134.8,297.2,349.0,7.0,2025-03-27,2025-04-03,8375.41,On Time,False,False,0.8501983289729091,0.5515311984812908,0.8192115772088229,0.6861924686192469,0.6666666666666666,False,False,True,False
1535,2025-06-23,Pune,Pune,1059.6,201.1,369.0,4.0,2025-06-24,2025-06-28,10179.607500000002,On Time,True,False,0.3964891552029706,0.3594944297347255,1.0,0.7280334728033473,0.3333333333333333,True,False,False,False
1536,2025-02-16,Mumbai,Ahmedabad,1795.4,144.7,139.0,5.0,2025-02-18,2025-02-23,3074.33,On Time,False,False,0.7069794919402481,0.2467902283059399,0.2880203454895395,0.24686192468619247,0.4444444444444444,False,True,False,False
1537,2025-05-17,Delhi,Chennai,1012.0,348.9,185.0,4.0,2025-05-19,2025-05-23,2299.17,On Time,False,False,0.37640307198919737,0.6548433831243443,0.21034594797440678,0.34309623430962344,0.3333333333333333,False,False,False,True
1538,2025-02-04,Mumbai,Kolkata,1216.7,202.2,272.0,3.0,2025-02-05,2025-02-08,10179.607500000002,On Time,True,False,0.46278166933918474,0.3616925613228755,1.0,0.5251046025104602,0.2222222222222222,True,False,False,False
1539,2025-06-12,Hyderabad,Bengaluru,505.4,74.6,268.0,2.0,2025-06-12,2025-06-14,1357.25,On Time,False,False,0.1626297577854671,0.10670929709746714,0.11596147443674511,0.5167364016736402,0.1111111111111111,False,False,True,False
1540,2025-01-07,Bengaluru,Kolkata,898.8,323.1,400.0,2.0,2025-01-09,2025-01-11,10179.607500000002,On Time,True,False,0.32863532787577004,0.6032872058750063,1.0,0.7928870292887029,0.1111111111111111,False,True,False,False
1541,2025-08-01,Kolkata,Chennai,1194.7,258.6,207.0,4.0,2025-08-03,2025-08-07,4529.59,On Time,False,False,0.4534981855008861,0.47439676275166115,0.43384371579743986,0.3891213389121339,0.3333333333333333,False,False,True,False
1542,2025-01-17,Delhi,Ahmedabad,1813.7,228.7,342.0,5.0,2025-01-18,2025-01-23,3816.51,On Time,False,False,0.7147016625875601,0.41464754958285455,0.36239000381528025,0.6715481171548117,0.4444444444444444,False,True,False,False
1543,2025-02-28,Mumbai,Ahmedabad,1199.9,109.8,444.0,3.0,2025-03-01,2025-03-04,3295.72,Delayed,False,False,0.4556924634990295,0.17704950791826946,0.3102045846993481,0.8849372384937239,0.2222222222222222,False,False,True,False
1544,2025-02-22,Bengaluru,Kolkata,1722.7,242.4,163.0,8.0,2025-02-23,2025-03-03,3017.1,On Time,False,False,0.6763017976200523,0.44202427936254185,0.2822856510138299,0.29707112970711297,0.7777777777777778,False,False,False,True
1545,2025-09-07,Delhi,Pune,1388.3,428.9,415.0,5.0,2025-09-07,2025-09-12,3432.4,On Time,False,False,0.5351928432779137,0.8147074986261678,0.32390051412342613,0.8242677824267782,0.4444444444444444,False,False,False,True
1546,2025-01-17,Bengaluru,Kolkata,1832.3,255.0,179.0,4.0,2025-01-17,2025-01-21,10179.607500000002,On Time,True,False,0.7225504261963034,0.467202877554079,1.0,0.3305439330543933,0.3333333333333333,True,False,False,False
1547,2025-05-09,Hyderabad,Pune,1073.4,228.8,180.0,4.0,2025-05-11,2025-05-15,2431.17,On Time,False,False,0.40231243142881257,0.4148473797272319,0.22357292107931095,0.33263598326359833,0.3333333333333333,False,False,True,False
1548,2025-06-27,Pune,Bengaluru,2175.6,264.8,333.0,6.0,2025-06-29,2025-07-05,8642.18,On Time,False,False,0.8674149717275719,0.48678623170305246,0.8459430894451508,0.6527196652719666,0.5555555555555556,False,False,True,False
1549,2025-06-04,Kolkata,Kolkata,881.6,256.4,318.0,3.0,2025-06-04,2025-06-07,10179.607500000002,On Time,True,False,0.321377331420373,0.4700004995753609,1.0,0.6213389121338913,0.2222222222222222,True,False,False,False
1550,2025-07-24,Mumbai,Delhi,755.1,309.3,283.0,4.0,2025-07-25,2025-07-29,3336.66,Delayed,False,False,0.2679972993501561,0.5757106459509417,0.31430695044870244,0.5481171548117155,0.3333333333333333,False,False,True,False
1551,2025-08-29,Chennai,Hyderabad,555.5,252.8,130.0,4.0,2025-08-31,2025-09-04,732.38,On Time,False,False,0.18377078234450164,0.4628066143777789,0.05334678743627942,0.2280334728033473,0.3333333333333333,False,False,False,True
1552,2025-04-29,Pune,Chennai,2149.0,126.6,66.0,3.0,2025-04-29,2025-05-03,10179.607500000002,Delayed,True,False,0.8561903958139927,0.21062097217365236,1.0,0.09414225941422594,0.2222222222222222,True,False,False,False
1553,2025-09-06,Bengaluru,Delhi,1468.8,222.4,456.0,4.0,2025-09-06,2025-09-10,5417.45,On Time,False,False,0.5691619545953245,0.402058250487086,0.522811142622593,0.9100418410041841,0.3333333333333333,False,False,True,False
1554,2025-04-06,Bengaluru,Delhi,949.6,186.9,439.0,3.0,2025-04-06,2025-04-09,2060.34,On Time,False,False,0.35007173601147773,0.33111854923315187,0.18641414504528359,0.8744769874476988,0.2222222222222222,False,True,False,False
1555,2025-10-23,Kolkata,Ahmedabad,1662.1,236.1,445.0,5.0,2025-10-23,2025-10-28,5711.38,On Time,False,False,0.6507300194109207,0.42943498026677324,0.5522642047795967,0.8870292887029289,0.4444444444444444,False,False,True,False
1556,2025-06-01,Delhi,Mumbai,1409.5,355.3,266.0,5.0,2025-06-02,2025-06-07,10179.607500000002,On Time,True,False,0.5441387458857287,0.6676325123644902,1.0,0.5125523012552301,0.4444444444444444,False,False,True,False
1557,2025-08-09,Ahmedabad,Pune,1984.8,150.0,444.0,8.0,2025-08-10,2025-08-18,2644.3,On Time,False,False,0.7869018482572369,0.2573812259579358,0.244929472426646,0.8849372384937239,0.7777777777777778,False,False,False,True
1558,2025-09-20,Pune,Pune,403.5,494.6,247.0,1.0,2025-09-22,2025-09-23,10179.607500000002,On Time,True,False,0.11963034855262046,0.9459959034820403,1.0,0.47280334728033474,0.0,False,False,True,False
1559,2025-08-26,Ahmedabad,Mumbai,980.6,264.0,56.0,3.0,2025-08-28,2025-08-31,10179.607500000002,On Time,True,False,0.36315300869271666,0.4851875905480342,1.0,0.07322175732217573,0.2222222222222222,True,False,False,False
1560,2025-09-13,Pune,Bengaluru,891.9,324.0,115.0,3.0,2025-09-15,2025-09-18,10179.607500000002,On Time,True,False,0.32572368976284916,0.6050856771744018,1.0,0.19665271966527198,0.2222222222222222,True,False,False,False
1561,2025-06-10,Chennai,Bengaluru,211.8,302.6,275.5,2.0,2025-06-12,2025-06-14,5971.8,On Time,False,False,0.038737446197991396,0.562322026277664,0.5783594194461054,0.5324267782426778,0.1111111111111111,False,False,False,True
1562,2025-01-14,Chennai,Chennai,1577.1,258.7,200.0,6.0,2025-01-16,2025-01-22,6225.49,On Time,False,False,0.6148620136720397,0.47459659289603834,0.6037802588929473,0.37447698744769875,0.5555555555555556,False,False,True,False
1563,2025-05-28,Delhi,Hyderabad,978.3,282.8,470.0,5.0,2025-05-29,2025-06-03,3899.25,On Time,False,False,0.3621824626550763,0.5227556576909627,0.3706809110478543,0.9393305439330544,0.4444444444444444,False,False,True,False
1564,2025-02-24,Ahmedabad,Kolkata,1432.8,22.1,179.0,4.0,2025-02-26,2025-03-02,8823.81,Delayed,False,False,0.5539707992235631,0.001798471299395518,0.8641432040288155,0.3305439330543933,0.3333333333333333,True,False,False,False
1565,2025-09-24,Bengaluru,Kolkata,2161.9,302.3,314.0,5.0,2025-09-24,2025-09-29,9133.07,On Time,False,False,0.8616338931555405,0.5617225358445321,0.8951323987441387,0.6129707112970711,0.4444444444444444,False,False,True,False
1566,2025-03-13,Kolkata,Kolkata,941.0,132.1,149.0,6.0,2025-03-15,2025-03-21,1315.37,On Time,False,False,0.3464427377837792,0.22161163011440274,0.11176491660618913,0.26778242677824265,0.5555555555555556,False,False,False,True
1567,2025-03-10,Ahmedabad,Pune,910.5,208.4,328.0,4.0,2025-03-10,2025-03-14,2360.99,On Time,False,False,0.3335724533715925,0.3740820302742669,0.21654058037853688,0.6422594142259415,0.3333333333333333,False,False,True,False
1568,2025-03-16,Bengaluru,Hyderabad,1153.4,257.7,292.0,5.0,2025-03-17,2025-03-22,1820.95,On Time,False,False,0.4360705544771711,0.47259829145226556,0.16242622768480622,0.5669456066945606,0.4444444444444444,False,False,False,True
1569,2025-07-12,Ahmedabad,Kolkata,1544.3,363.1,275.5,5.0,2025-07-12,2025-07-17,7214.26,On Time,False,False,0.6010211832222128,0.683219263625918,0.7028593058394329,0.5324267782426778,0.4444444444444444,False,False,True,False
1570,2025-06-21,Ahmedabad,Ahmedabad,845.0,228.8,241.0,2.0,2025-06-22,2025-06-24,1893.11,On Time,False,False,0.305932990125749,0.4148473797272319,0.16965697298215382,0.4602510460251046,0.1111111111111111,False,False,True,False
1571,2025-10-12,Mumbai,Pune,816.1,169.6,70.0,4.0,2025-10-14,2025-10-18,1573.37,On Time,False,False,0.29373786817452946,0.2965479342558825,0.13761763676577457,0.10251046025104603,0.3333333333333333,False,True,False,False
1572,2025-05-05,Chennai,Ahmedabad,1575.7,181.9,446.0,5.0,2025-05-05,2025-05-10,5087.45,On Time,False,False,0.6142712465186936,0.3211270420142879,0.48974370986033255,0.8891213389121339,0.4444444444444444,False,False,True,False
1573,2025-03-26,Hyderabad,Hyderabad,1270.4,237.5,357.0,5.0,2025-03-27,2025-04-01,4990.49,On Time,False,False,0.4854418094353954,0.43223260228805516,0.4800278968887302,0.702928870292887,0.4444444444444444,False,False,True,False
1574,2025-01-15,Pune,Kolkata,179.9,220.35000000000002,471.0,3.0,2025-01-15,2025-01-18,212.3,Delayed,False,False,0.025276394632458437,0.3979617325273518,0.001232513402956981,0.9414225941422594,0.2222222222222222,False,True,False,False
1575,2025-01-03,Delhi,Pune,548.6,283.4,440.0,3.0,2025-01-03,2025-01-06,1960.48,Delayed,False,False,0.18085914423158073,0.5239546385572263,0.17640773948274013,0.8765690376569037,0.2222222222222222,False,False,True,False
1576,2025-04-23,Chennai,Chennai,1775.6,76.4,125.0,6.0,2025-04-24,2025-04-30,4197.77,On Time,False,False,0.6986243564857793,0.11030623969625819,0.4005939111332785,0.2175732217573222,0.5555555555555556,False,False,True,False
1577,2025-10-05,Bengaluru,Chennai,1280.9,200.0,359.0,6.0,2025-10-06,2025-10-12,2218.76,On Time,False,False,0.48987256308549243,0.35729629814657543,0.20228851685800267,0.7071129707112971,0.5555555555555556,False,False,False,True
1578,2025-06-07,Pune,Kolkata,757.0,449.7,68.0,3.0,2025-06-07,2025-06-10,3869.5,On Time,False,False,0.2687990547725546,0.8562721686566418,0.36769983188216565,0.09832635983263599,0.2222222222222222,False,False,True,False
1579,2025-09-26,Mumbai,Ahmedabad,1023.3,188.1,481.0,5.0,2025-09-27,2025-10-02,3856.07,On Time,False,False,0.381171406869778,0.3335165109656792,0.36635408757308335,0.9623430962343096,0.4444444444444444,False,False,True,False
1580,2025-01-31,Bengaluru,Bengaluru,1106.0,264.5,396.0,4.0,2025-02-02,2025-02-06,10179.607500000002,On Time,True,False,0.4160688665710186,0.48618674126992056,1.0,0.7845188284518828,0.3333333333333333,True,False,False,False
1581,2025-01-28,Chennai,Kolkata,1431.1,335.7,346.0,6.0,2025-01-29,2025-02-04,6215.18,On Time,False,False,0.5532534391087854,0.6284658040665434,0.602747152129981,0.6799163179916318,0.5555555555555556,False,False,True,False
1582,2025-09-08,Delhi,Kolkata,488.8,260.2,497.0,4.0,2025-09-10,2025-09-14,1967.3,On Time,False,False,0.15562494725293272,0.47759404506169756,0.17709113309316019,0.99581589958159,0.3333333333333333,False,False,True,False
1583,2025-02-02,Bengaluru,Chennai,721.6,516.5,426.0,3.0,2025-02-04,2025-02-07,2609.38,On Time,False,False,0.253861085323656,0.9897587051006644,0.24143033681434864,0.8472803347280334,0.2222222222222222,False,True,False,False
1584,2025-01-16,Kolkata,Hyderabad,1222.8,225.1,434.0,5.0,2025-01-17,2025-01-22,4517.35,On Time,False,False,0.465355726221622,0.40745366438527253,0.43261721465498515,0.8640167364016736,0.4444444444444444,False,False,True,False
1585,2025-05-02,Hyderabad,Chennai,1055.1,290.5,68.0,2.0,2025-05-03,2025-05-05,2843.34,Delayed,False,False,0.3945902607815005,0.5381425788080132,0.26487414459937425,0.09832635983263599,0.1111111111111111,False,True,False,False
1586,2025-10-05,Chennai,Bengaluru,1357.3,228.8,31.0,6.0,2025-10-07,2025-10-13,5148.38,Delayed,False,False,0.5221115705966748,0.4148473797272319,0.4958491604003463,0.02092050209205021,0.5555555555555556,False,False,True,False
1587,2025-07-26,Pune,Chennai,546.7,405.2,481.0,3.0,2025-07-27,2025-07-30,2703.71,On Time,False,False,0.1800573888091822,0.7673477544087526,0.2508826123672699,0.9623430962343096,0.2222222222222222,False,False,True,False
1588,2025-01-30,Mumbai,Chennai,1260.7,174.0,140.0,4.0,2025-01-31,2025-02-04,4027.39,On Time,False,False,0.4813486370157819,0.3053404606084828,0.3835210953937817,0.2489539748953975,0.3333333333333333,False,False,True,False
1589,2025-09-09,Pune,Ahmedabad,1591.2,521.625,224.0,5.0,2025-09-09,2025-09-14,5993.69,On Time,False,True,0.620811882859313,1.0,0.580552892486002,0.4246861924686193,0.4444444444444444,False,True,False,False
1590,2025-09-11,Mumbai,Chennai,1319.1,152.0,40.0,3.0,2025-09-11,2025-09-14,3688.92,On Time,False,False,0.5059920668410836,0.26137782884548133,0.3496049318572899,0.0397489539748954,0.2222222222222222,False,False,True,False
1591,2025-08-29,Hyderabad,Mumbai,1162.6,470.9,319.0,5.0,2025-08-29,2025-09-03,6566.01,On Time,False,False,0.4399527386277322,0.898636159264625,0.637901841329932,0.6234309623430963,0.4444444444444444,False,False,True,False
1592,2025-09-28,Chennai,Kolkata,1056.9,123.7,413.0,3.0,2025-09-29,2025-10-02,2112.63,Delayed,False,False,0.3953498185500886,0.2048258979867113,0.1916538300729763,0.8200836820083682,0.2222222222222222,False,True,False,False
1593,2025-03-13,Kolkata,Bengaluru,724.3,295.1,424.0,3.0,2025-03-15,2025-03-18,2599.91,On Time,False,False,0.25500042197653805,0.5473347654493681,0.24048140169841342,0.8430962343096234,0.2222222222222222,False,False,True,False
1594,2025-10-21,Mumbai,Mumbai,1067.6,215.2,275.5,3.0,2025-10-21,2025-10-24,3699.05,On Time,False,False,0.3998649675078065,0.38767048009192184,0.35062000183874964,0.5324267782426778,0.2222222222222222,False,False,True,False
1595,2025-04-07,Hyderabad,Chennai,1666.9,332.2,337.0,7.0,2025-04-07,2025-04-14,1758.7,Delayed,False,False,0.6527555067938222,0.6214717490133387,0.15618850741374346,0.6610878661087866,0.6666666666666666,False,False,False,True
1596,2025-08-29,Delhi,Delhi,1046.4,267.7,266.0,5.0,2025-08-29,2025-09-03,3812.25,On Time,False,False,0.39091906489999156,0.4925813058899935,0.361963133319622,0.5125523012552301,0.4444444444444444,False,False,True,False
1597,2025-06-23,Hyderabad,Bengaluru,699.6,323.4,234.0,1.0,2025-06-24,2025-06-25,9156.79,On Time,False,False,0.2445776014853574,0.6038866963081381,0.8975092457293535,0.4456066945606695,0.0,True,False,False,False
1598,2025-08-22,Hyderabad,Hyderabad,878.5,121.4,286.0,3.0,2025-08-22,2025-08-25,2343.63,On Time,False,False,0.3200692041522491,0.20022980466603388,0.2148010330065586,0.5543933054393305,0.2222222222222222,False,False,True,False
1599,2025-07-08,Pune,Ahmedabad,1190.4,84.7,469.0,4.0,2025-07-08,2025-07-12,8732.14,On Time,False,False,0.4516836863870369,0.12689214167957236,0.8549574720248264,0.9372384937238494,0.3333333333333333,True,False,False,False
1600,2025-07-12,Hyderabad,Kolkata,931.9,110.5,141.0,4.0,2025-07-12,2025-07-16,1544.82,On Time,False,False,0.3426027512870284,0.17844831892891042,0.13475680281013053,0.2510460251046025,0.3333333333333333,False,False,True,False
1601,2025-07-04,Chennai,Pune,1318.4,109.0,275.5,4.0,2025-07-04,2025-07-08,2182.93,On Time,False,False,0.5056966832644105,0.17545086676325122,0.19869819529475477,0.5324267782426778,0.3333333333333333,False,True,False,False
1602,2025-08-22,Hyderabad,Delhi,1335.3,120.5,308.0,3.0,2025-08-22,2025-08-25,10179.607500000002,On Time,True,False,0.5128280867583762,0.19843133336663835,1.0,0.600418410041841,0.2222222222222222,True,False,False,False
1603,2025-08-10,Pune,Pune,1500.0,157.5,293.0,3.0,2025-08-12,2025-08-15,3120.84,On Time,False,False,0.5823276225841842,0.2723684867862317,0.29268084942218414,0.5690376569037657,0.2222222222222222,False,True,False,False
1604,2025-02-10,Chennai,Bengaluru,1740.6,156.8,34.0,7.0,2025-02-12,2025-02-19,2878.72,On Time,False,False,0.6838551776521224,0.2709696757755908,0.2684193742088553,0.027196652719665274,0.6666666666666666,False,False,False,True
1605,2025-09-05,Mumbai,Pune,1548.1,217.8,157.0,6.0,2025-09-06,2025-09-12,5252.32,On Time,False,False,0.6026246940670098,0.39286606384573114,0.5062643996770413,0.28451882845188287,0.5555555555555556,False,False,True,False
1606,2025-06-10,Ahmedabad,Pune,679.6,137.3,330.0,3.0,2025-06-10,2025-06-13,1232.37,Delayed,False,False,0.23613807072326778,0.2320027976220213,0.10344795624477213,0.6464435146443515,0.2222222222222222,False,True,False,False
1607,2025-04-07,Delhi,Bengaluru,693.4,143.3,353.0,3.0,2025-04-07,2025-04-10,929.27,On Time,False,False,0.2419613469491096,0.24399260628465805,0.07307602027434444,0.694560669456067,0.2222222222222222,False,True,False,False
1608,2025-06-04,Bengaluru,Chennai,1065.9,194.0,372.0,4.0,2025-06-04,2025-06-08,1673.4,On Time,False,False,0.39914760739302896,0.34530648948393866,0.14764107706640767,0.7343096234309623,0.3333333333333333,False,False,False,True
1609,2025-10-18,Delhi,Bengaluru,897.0,354.8,495.0,4.0,2025-10-19,2025-10-23,3623.04,On Time,False,False,0.327875770107182,0.6666333616426038,0.3430034698258423,0.9916317991631799,0.3333333333333333,False,False,True,False
1610,2025-09-15,Delhi,Pune,587.8,172.4,343.0,4.0,2025-09-16,2025-09-20,1263.7,On Time,False,False,0.19740062452527635,0.30214317829844634,0.1065873582703528,0.6736401673640168,0.3333333333333333,False,False,True,False
1611,2025-09-08,Pune,Ahmedabad,901.2,210.5,275.5,5.0,2025-09-08,2025-09-13,2719.38,On Time,False,False,0.32964807156722087,0.37827846330618975,0.25245281440176875,0.5324267782426778,0.4444444444444444,False,False,True,False
1612,2025-05-19,Delhi,Ahmedabad,886.5,228.2,179.0,3.0,2025-05-20,2025-05-23,3565.55,Delayed,False,False,0.32344501645708496,0.41364839886096816,0.3372427222212897,0.3305439330543933,0.2222222222222222,False,False,True,False
1613,2025-08-24,Hyderabad,Delhi,797.7,128.3,197.0,3.0,2025-08-24,2025-08-27,2122.28,On Time,False,False,0.28597349987340703,0.21401808462806615,0.19262080197041817,0.3682008368200837,0.2222222222222222,False,False,True,False
1614,2025-04-26,Hyderabad,Bengaluru,957.9,181.3,416.0,4.0,2025-04-27,2025-05-01,3092.69,On Time,False,False,0.35357414127774495,0.31992806114802425,0.28986009720322164,0.8263598326359832,0.3333333333333333,False,False,True,False
1615,2025-07-25,Mumbai,Mumbai,1630.3,149.5,244.0,2.0,2025-07-27,2025-07-29,10179.607500000002,On Time,True,False,0.6373111654991982,0.2563820752360494,1.0,0.4665271966527197,0.1111111111111111,True,False,False,False
1616,2025-07-11,Delhi,Hyderabad,1189.7,338.3,363.0,4.0,2025-07-11,2025-07-15,2042.85,On Time,False,False,0.45138830281036374,0.6336613878203528,0.18466157110888376,0.7154811715481172,0.3333333333333333,False,False,False,True
1617,2025-03-16,Pune,Ahmedabad,2212.3,324.6,79.0,6.0,2025-03-17,2025-03-23,9648.82,On Time,False,False,0.8829015106760064,0.6062846580406654,0.9468127879778837,0.12133891213389121,0.5555555555555556,False,False,True,False
1618,2025-03-21,Bengaluru,Mumbai,1176.7,141.4,81.0,3.0,2025-03-22,2025-03-25,9446.19,On Time,False,False,0.44590260781500546,0.24019583354148974,0.9265083822184388,0.12552301255230125,0.2222222222222222,True,False,False,False
1619,2025-01-19,Mumbai,Hyderabad,969.5,208.5,123.0,2.0,2025-01-21,2025-01-23,9617.03,On Time,False,False,0.3584690691197569,0.37428186041864414,0.9436272919551194,0.21338912133891214,0.1111111111111111,True,False,False,False
1620,2025-02-11,Ahmedabad,Ahmedabad,1101.9,290.6,113.0,5.0,2025-02-12,2025-02-17,4368.63,On Time,False,False,0.41433876276479026,0.5383424089523905,0.4177148249567931,0.19246861924686193,0.4444444444444444,False,False,True,False
1621,2025-05-11,Chennai,Pune,1215.4,253.2,311.0,4.0,2025-05-12,2025-05-16,4564.91,On Time,False,False,0.46223309983964894,0.463605934955288,0.43738293314641874,0.606694560669456,0.3333333333333333,False,False,True,False
1622,2025-05-24,Mumbai,Kolkata,1295.9,266.9,325.0,4.0,2025-05-26,2025-05-30,10179.607500000002,On Time,True,False,0.49620221115705965,0.49098266473497526,1.0,0.6359832635983264,0.3333333333333333,True,False,False,False
1623,2025-02-19,Ahmedabad,Mumbai,2034.5,128.7,287.0,5.0,2025-02-20,2025-02-25,5074.51,On Time,False,False,0.8078740822010295,0.21481740520557524,0.4884470656786852,0.5564853556485355,0.4444444444444444,False,False,True,False
1624,2025-05-06,Mumbai,Ahmedabad,719.6,462.4,158.0,2.0,2025-05-07,2025-05-09,3550.52,On Time,False,False,0.25301713224744704,0.8816505969925563,0.3357366509654813,0.28661087866108786,0.1111111111111111,False,False,True,False
1625,2025-07-01,Bengaluru,Ahmedabad,1486.6,155.9,296.0,4.0,2025-07-01,2025-07-05,4189.46,On Time,False,False,0.5766731369735841,0.26917120447619525,0.3997612130537197,0.5753138075313807,0.3333333333333333,False,False,True,False
1626,2025-03-11,Ahmedabad,Bengaluru,1193.5,153.5,77.0,5.0,2025-03-12,2025-03-17,3290.39,On Time,False,False,0.4529918136551607,0.26437528101114055,0.3096704955580667,0.11715481171548117,0.4444444444444444,False,False,True,False
1627,2025-04-12,Bengaluru,Ahmedabad,393.0,103.1,246.0,1.0,2025-04-12,2025-04-13,1302.3,On Time,False,False,0.1151995949025234,0.16366088824499173,0.11045524586012022,0.4707112970711297,0.0,False,False,True,False
1628,2025-04-21,Bengaluru,Mumbai,1446.8,198.3,94.0,6.0,2025-04-22,2025-04-28,4391.91,On Time,False,False,0.5598784707570258,0.3538991856921617,0.420047582031658,0.15271966527196654,0.5555555555555556,False,False,True,False
1629,2025-06-01,Kolkata,Bengaluru,1670.4,373.3,56.0,4.0,2025-06-01,2025-06-05,10179.607500000002,On Time,True,False,0.6542324246771879,0.7036019383524005,1.0,0.07322175732217573,0.3333333333333333,True,False,False,False
1630,2025-04-20,Delhi,Mumbai,714.3,251.9,99.0,1.0,2025-04-20,2025-04-21,7953.18,On Time,False,False,0.25078065659549326,0.4610081430783834,0.7769022980112192,0.16317991631799164,0.0,True,False,False,False
1631,2025-08-10,Bengaluru,Ahmedabad,1096.0,206.4,73.0,4.0,2025-08-11,2025-08-15,3957.54,On Time,False,False,0.4118491011899738,0.3700854273867213,0.3765218221257699,0.1087866108786611,0.3333333333333333,False,False,True,False
1632,2025-04-09,Ahmedabad,Hyderabad,323.6,313.0,249.0,1.0,2025-04-10,2025-04-11,854.81,On Time,False,False,0.08591442315807242,0.583104361292901,0.06561480499107804,0.4769874476987448,0.0,False,True,False,False
1633,2025-05-11,Mumbai,Ahmedabad,533.5,368.7,281.0,3.0,2025-05-13,2025-05-16,1455.12,On Time,False,False,0.17448729850620304,0.6944097517110456,0.12576847335929792,0.5439330543933054,0.2222222222222222,False,False,False,True
1634,2025-04-24,Ahmedabad,Bengaluru,1571.6,324.2,311.0,6.0,2025-04-24,2025-04-30,3273.45,On Time,False,False,0.6125411427124651,0.6054853374631562,0.307973034009604,0.606694560669456,0.5555555555555556,False,False,False,True
1635,2025-02-24,Kolkata,Mumbai,890.1,70.5,231.0,4.0,2025-02-26,2025-03-02,2203.14,On Time,False,False,0.3249641319942611,0.09851626117799869,0.20072332504058896,0.4393305439330544,0.3333333333333333,False,False,True,False
1636,2025-07-25,Bengaluru,Mumbai,601.0,314.3,104.0,4.0,2025-07-25,2025-07-29,2047.62,On Time,False,False,0.20297071482825554,0.5857021531698057,0.18513954581881095,0.17364016736401675,0.3333333333333333,False,False,True,False
1637,2025-03-12,Delhi,Chennai,1203.3,272.2,30.0,3.0,2025-03-14,2025-03-17,3830.99,On Time,False,False,0.45712718372858463,0.5015736623869711,0.3638409626831515,0.01882845188284519,0.2222222222222222,False,False,True,False
1638,2025-03-31,Bengaluru,Hyderabad,864.9,139.7,361.0,2.0,2025-04-02,2025-04-04,1755.28,On Time,False,False,0.31433032323402815,0.23679872108707595,0.15584580856511637,0.7112970711297071,0.1111111111111111,False,True,False,False
1639,2025-08-26,Delhi,Delhi,888.1,272.7,491.0,4.0,2025-08-28,2025-09-01,2406.0,On Time,False,False,0.3241201789180521,0.5025728131088575,0.2210507777986258,0.9832635983263598,0.3333333333333333,False,True,False,False
1640,2025-10-12,Chennai,Pune,1432.7,220.35000000000002,154.0,4.0,2025-10-12,2025-10-16,10179.607500000002,On Time,True,False,0.5539286015697527,0.3979617325273518,1.0,0.27824267782426776,0.3333333333333333,False,True,False,False
1641,2025-07-21,Hyderabad,Delhi,577.2,159.5,118.0,3.0,2025-07-23,2025-07-26,995.48,On Time,False,False,0.1929276732213689,0.2763650896737773,0.07971054973855433,0.20292887029288703,0.2222222222222222,False,True,False,False
1642,2025-10-02,Mumbai,Kolkata,692.6,335.6,169.0,4.0,2025-10-02,2025-10-06,3436.87,On Time,False,False,0.24162376571862604,0.6282659739221662,0.3243484275308422,0.30962343096234307,0.3333333333333333,False,False,True,False
1643,2025-09-14,Kolkata,Delhi,1169.3,254.7,122.0,3.0,2025-09-16,2025-09-19,2754.3,On Time,False,False,0.44277998143303227,0.4666033871209472,0.2559519500140662,0.2112970711297071,0.2222222222222222,False,True,False,False
1644,2025-05-25,Bengaluru,Kolkata,1536.2,31.3,127.0,5.0,2025-05-26,2025-05-31,2210.12,On Time,False,False,0.5976031732635665,0.020182844582105213,0.20142275134568163,0.2217573221757322,0.4444444444444444,False,True,False,False
1645,2025-08-20,Delhi,Kolkata,1657.2,214.2,257.0,5.0,2025-08-21,2025-08-26,5823.64,On Time,False,False,0.6486623343742087,0.38567217864814907,0.5635131441792675,0.49372384937238495,0.4444444444444444,False,False,True,False
1646,2025-04-09,Chennai,Mumbai,800.7,249.6,396.0,4.0,2025-04-10,2025-04-14,1985.71,On Time,False,False,0.28723942948772047,0.45641204975770594,0.1789358950239275,0.7845188284518828,0.3333333333333333,False,False,False,True
1647,2025-05-19,Chennai,Bengaluru,1521.8,185.1,361.0,3.0,2025-05-19,2025-05-22,10179.607500000002,On Time,True,False,0.591526711114862,0.3275216066343608,1.0,0.7112970711297071,0.2222222222222222,True,False,False,False
1648,2025-06-10,Hyderabad,Pune,747.1,259.5,480.0,5.0,2025-06-12,2025-06-17,1203.45,Delayed,False,False,0.2646214870453203,0.4761952340510566,0.10055004668269768,0.9602510460251046,0.4444444444444444,False,False,False,True
1649,2025-10-16,Ahmedabad,Ahmedabad,1921.8,202.6,191.0,5.0,2025-10-18,2025-10-23,3803.5,Delayed,False,False,0.7603173263566545,0.36249188190038467,0.36108634532971357,0.35564853556485354,0.4444444444444444,False,True,False,False
1650,2025-09-12,Pune,Chennai,589.8,521.625,256.0,1.0,2025-09-14,2025-09-15,10179.607500000002,On Time,True,True,0.1982445776014853,1.0,1.0,0.4916317991631799,0.0,True,False,False,False
1651,2025-05-27,Delhi,Ahmedabad,1697.8,178.3,202.0,4.0,2025-05-29,2025-06-02,2528.04,On Time,False,False,0.6657945818212506,0.31393315681670586,0.23327971566015993,0.3786610878661088,0.3333333333333333,False,True,False,False
1652,2025-07-15,Mumbai,Ahmedabad,804.6,141.9,40.0,3.0,2025-07-17,2025-07-20,7049.64,On Time,False,False,0.2888851379863279,0.24119498426337613,0.6863636671081502,0.0397489539748954,0.2222222222222222,True,False,False,False
1653,2025-03-02,Mumbai,Ahmedabad,2006.0,327.3,206.0,5.0,2025-03-04,2025-03-09,6625.03,On Time,False,False,0.7958477508650519,0.611680071938852,0.6438159015772913,0.38702928870292885,0.4444444444444444,False,True,False,False
1654,2025-08-30,Bengaluru,Chennai,1366.1,190.3,145.0,3.0,2025-08-31,2025-09-03,3036.68,On Time,False,False,0.5258249641319942,0.33791277414197934,0.2842476520243907,0.2594142259414226,0.2222222222222222,False,True,False,False
1655,2025-06-15,Delhi,Pune,642.8,208.2,249.0,2.0,2025-06-17,2025-06-19,1770.08,On Time,False,False,0.22060933412102285,0.3736823699855123,0.1573288328223329,0.4769874476987448,0.1111111111111111,False,False,True,False
1656,2025-06-09,Delhi,Bengaluru,865.0,199.1,95.0,2.0,2025-06-09,2025-06-11,1840.34,On Time,False,False,0.3143725208878386,0.3554978268471799,0.16436918987044327,0.15481171548117154,0.1111111111111111,False,True,False,False
1657,2025-08-18,Pune,Mumbai,1451.5,318.4,375.0,4.0,2025-08-20,2025-08-24,10179.607500000002,On Time,True,False,0.5618617604861169,0.5938951890892741,1.0,0.7405857740585774,0.3333333333333333,True,False,False,False
1658,2025-07-09,Pune,Chennai,1573.7,120.0,424.0,4.0,2025-07-10,2025-07-16,4130.23,On Time,False,False,0.6134272934424846,0.19743218264475196,0.3938261098946024,0.8430962343096234,0.3333333333333333,False,False,True,False
1659,2025-01-22,Pune,Hyderabad,1068.2,335.3,481.0,4.0,2025-01-23,2025-01-27,4488.24,On Time,False,False,0.40011815343066925,0.6276664834890343,0.4297002662679869,0.9623430962343096,0.3333333333333333,False,False,True,False
1660,2025-03-28,Chennai,Delhi,1120.1,283.3,275.5,2.0,2025-03-29,2025-03-31,10179.607500000002,On Time,True,False,0.42201873575829174,0.5237548084128492,1.0,0.5324267782426778,0.1111111111111111,True,False,False,False
1661,2025-02-23,Bengaluru,Kolkata,1441.3,495.4,76.0,5.0,2025-02-23,2025-02-28,7531.51,On Time,False,False,0.5575575997974512,0.9475945446370585,0.7346491332449697,0.11506276150627615,0.4444444444444444,False,False,True,False
1662,2025-08-09,Bengaluru,Pune,1159.3,239.9,483.0,3.0,2025-08-10,2025-08-13,4650.36,On Time,False,False,0.4385602160519875,0.43702852575310985,0.4459453941450101,0.9665271966527197,0.2222222222222222,False,False,True,False
1663,2025-01-11,Delhi,Delhi,517.9,125.0,427.0,3.0,2025-01-12,2025-01-15,1507.41,On Time,False,False,0.16790446451177313,0.20742368986361592,0.13100815838699065,0.8493723849372385,0.2222222222222222,False,False,True,False
1664,2025-03-02,Bengaluru,Kolkata,734.2,241.2,302.0,3.0,2025-03-02,2025-03-05,2582.09,On Time,False,False,0.2591779897037725,0.4396263176300145,0.23869576032925138,0.5878661087866108,0.2222222222222222,False,False,True,False
1665,2025-06-29,Bengaluru,Delhi,1205.8,256.4,174.0,5.0,2025-07-01,2025-07-06,3220.09,On Time,False,False,0.4581821250738458,0.4700004995753609,0.3026261303362882,0.3200836820083682,0.4444444444444444,False,True,False,False
1666,2025-07-28,Kolkata,Bengaluru,1647.0,389.6,268.0,4.0,2025-07-28,2025-08-01,7918.45,On Time,False,False,0.644358173685543,0.736174251885897,0.7734222012238455,0.5167364016736402,0.3333333333333333,False,False,True,False
1667,2025-05-31,Pune,Delhi,1827.2,124.8,277.0,4.0,2025-06-02,2025-06-06,3415.52,On Time,False,False,0.7203983458519706,0.20702402957486135,0.3222090648354657,0.5355648535564853,0.3333333333333333,False,True,False,False
1668,2025-09-16,Hyderabad,Ahmedabad,1450.8,88.9,426.0,4.0,2025-09-16,2025-09-20,3784.26,On Time,False,False,0.5615663769094438,0.1352850077434181,0.3591584137953321,0.8472803347280334,0.3333333333333333,False,False,True,False
1669,2025-10-03,Bengaluru,Mumbai,1229.3,243.8,274.0,4.0,2025-10-03,2025-10-07,4500.7,On Time,False,False,0.46809857371930114,0.44482190138382377,0.4309488123656165,0.5292887029288703,0.3333333333333333,False,False,True,False
1670,2025-02-09,Hyderabad,Ahmedabad,1437.0,506.1,33.0,5.0,2025-02-09,2025-02-14,8242.16,Delayed,False,False,0.555743100683602,0.9689763700854275,0.805859348676789,0.02510460251046025,0.4444444444444444,False,False,True,False
1671,2025-10-13,Pune,Pune,800.0,304.0,355.0,2.0,2025-10-13,2025-10-15,10179.607500000002,On Time,True,False,0.28694404591104733,0.5651196482989459,1.0,0.698744769874477,0.1111111111111111,False,False,True,False
1672,2025-07-04,Bengaluru,Pune,1031.0,312.8,393.0,5.0,2025-07-04,2025-07-09,4323.34,On Time,False,False,0.3844206262131825,0.5827047010041465,0.4131765703210271,0.7782426778242678,0.4444444444444444,False,False,True,False
1673,2025-07-10,Chennai,Pune,729.1,101.5,163.0,3.0,2025-07-12,2025-07-15,1801.29,On Time,False,False,0.2570259093594396,0.1604636059349553,0.16045621032690913,0.29707112970711297,0.2222222222222222,False,False,True,False
1674,2025-01-29,Pune,Delhi,538.1,223.6,75.0,4.0,2025-01-31,2025-02-04,2330.09,On Time,False,False,0.17642839058148366,0.4044562122196133,0.21344426621988888,0.11297071129707113,0.3333333333333333,False,False,True,False
1675,2025-07-06,Hyderabad,Ahmedabad,1250.1,393.3,88.0,4.0,2025-07-07,2025-07-11,3856.07,On Time,False,False,0.47687568571187433,0.7435679672278563,0.36635408757308335,0.1401673640167364,0.3333333333333333,False,False,True,False
1676,2025-08-06,Ahmedabad,Bengaluru,1183.5,258.0,423.0,3.0,2025-08-06,2025-08-09,4537.77,Delayed,False,False,0.44877204827411593,0.4731977818853974,0.43466338731257714,0.8410041841004184,0.2222222222222222,False,False,True,False
1677,2025-06-24,Delhi,Ahmedabad,1409.4,85.2,234.0,4.0,2025-06-26,2025-06-30,3856.07,On Time,False,False,0.5440965482319183,0.12789129240145874,0.36635408757308335,0.4456066945606695,0.3333333333333333,False,False,True,False
1678,2025-01-26,Kolkata,Ahmedabad,1345.8,221.4,274.0,4.0,2025-01-27,2025-01-31,2921.89,On Time,False,False,0.5172588404084733,0.4000599490433132,0.2727451956402092,0.5292887029288703,0.3333333333333333,False,True,False,False
1679,2025-06-06,Ahmedabad,Bengaluru,1209.2,293.5,481.0,4.0,2025-06-07,2025-06-11,4595.96,On Time,False,False,0.45961684530340113,0.5441374831393315,0.44049427795632234,0.9623430962343096,0.3333333333333333,False,False,True,False
1680,2025-10-08,Bengaluru,Chennai,1350.5,21.2,49.0,7.0,2025-10-10,2025-10-17,1216.66,On Time,False,False,0.5192421301375643,0.0,0.10187374603660514,0.058577405857740586,0.6666666666666666,False,False,False,True
1681,2025-08-06,Ahmedabad,Mumbai,1080.8,209.1,118.0,4.0,2025-08-07,2025-08-11,2279.27,On Time,False,False,0.40543505781078565,0.37548084128490783,0.20835188157450077,0.20292887029288703,0.3333333333333333,False,True,False,False
1682,2025-02-11,Mumbai,Mumbai,1285.8,133.5,275.5,5.0,2025-02-12,2025-02-17,1363.48,On Time,False,False,0.4919402481222043,0.22440925213568466,0.1165857474855599,0.5324267782426778,0.4444444444444444,False,False,False,True
1683,2025-10-15,Mumbai,Kolkata,773.2,332.2,279.0,2.0,2025-10-17,2025-10-19,2016.68,On Time,False,False,0.2756350746898472,0.6214717490133387,0.18203922348649482,0.5397489539748954,0.1111111111111111,False,True,False,False
1684,2025-10-15,Pune,Pune,1266.4,174.6,275.5,2.0,2025-10-16,2025-10-18,10179.607500000002,On Time,True,False,0.48375390328297746,0.3065394414747465,1.0,0.5324267782426778,0.1111111111111111,True,False,False,False
1685,2025-02-20,Chennai,Bengaluru,1400.8,270.4,357.0,4.0,2025-02-22,2025-02-26,5742.05,On Time,False,False,0.5404675500042198,0.49797671978818003,0.5553374719396529,0.702928870292887,0.3333333333333333,False,False,True,False
1686,2025-08-29,Bengaluru,Kolkata,798.6,218.4,86.0,2.0,2025-08-31,2025-09-02,2911.9,On Time,False,False,0.28635327875770106,0.3940650447119948,0.2717441542665881,0.13598326359832635,0.1111111111111111,False,False,True,False
1687,2025-05-03,Kolkata,Delhi,1123.3,171.1,395.0,3.0,2025-05-05,2025-05-08,1529.08,On Time,False,False,0.4233690606802261,0.2995453864215417,0.1331795864717124,0.7824267782426778,0.2222222222222222,False,True,False,False
1688,2025-06-28,Kolkata,Bengaluru,819.4,521.625,402.0,4.0,2025-06-28,2025-07-01,4950.85,On Time,False,True,0.29513039075027425,1.0,0.4760557967835909,0.797071129707113,0.3333333333333333,False,False,True,False
1689,2025-05-14,Ahmedabad,Hyderabad,863.1,160.9,415.0,2.0,2025-05-14,2025-05-16,2427.68,On Time,False,False,0.3135707654654401,0.27916271169505924,0.2232232079267646,0.8242677824267782,0.1111111111111111,False,False,True,False
1690,2025-08-23,Mumbai,Ahmedabad,593.8,227.8,243.0,2.0,2025-08-24,2025-08-26,1177.6,Delayed,False,False,0.19993248375390324,0.41284907828345907,0.09795976444965393,0.46443514644351463,0.1111111111111111,False,False,False,True
1691,2025-10-26,Pune,Hyderabad,1669.6,218.0,148.0,2.0,2025-10-27,2025-10-29,10179.607500000002,On Time,True,False,0.6538948434467042,0.3932657241344857,1.0,0.26569037656903766,0.1111111111111111,True,False,False,False
1692,2025-08-27,Ahmedabad,Bengaluru,1579.6,240.7,443.0,6.0,2025-08-29,2025-09-04,5637.05,On Time,False,False,0.6159169550173009,0.4386271669081281,0.5448160160607518,0.8828451882845189,0.5555555555555556,False,False,True,False
1693,2025-10-07,Hyderabad,Ahmedabad,1341.8,514.6,288.0,4.0,2025-10-07,2025-10-11,5031.94,On Time,False,False,0.5155709342560553,0.9859619323574962,0.4841813668523535,0.5585774058577406,0.3333333333333333,False,True,False,False
1694,2025-10-11,Kolkata,Kolkata,1987.5,293.7,325.0,5.0,2025-10-13,2025-10-18,10179.607500000002,Delayed,True,False,0.788041184910119,0.5445371434280861,1.0,0.6359832635983264,0.4444444444444444,True,False,False,False
1695,2025-01-28,Delhi,Ahmedabad,1014.8,170.2,85.0,3.0,2025-01-30,2025-02-02,3856.07,On Time,False,False,0.3775846062958899,0.2977469151221462,0.36635408757308335,0.13389121338912133,0.2222222222222222,False,False,True,False
1696,2025-03-18,Hyderabad,Chennai,2464.3,435.7,319.0,5.0,2025-03-20,2025-03-25,8319.74,On Time,False,False,0.9892395982783357,0.8282959484438227,0.8136332015061712,0.6234309623430963,0.4444444444444444,False,True,False,False
1697,2025-08-05,Kolkata,Delhi,997.6,319.1,275.5,3.0,2025-08-07,2025-08-10,10179.607500000002,On Time,True,False,0.37032660984049287,0.5952940000999152,1.0,0.5324267782426778,0.2222222222222222,True,False,False,False
1698,2025-06-27,Delhi,Kolkata,1214.8,172.0,160.0,4.0,2025-06-29,2025-07-03,4035.7,On Time,False,False,0.46197991391678617,0.3013438577209372,0.3843537934733404,0.2907949790794979,0.3333333333333333,False,False,True,False
1699,2025-01-16,Chennai,Delhi,921.0,402.9,275.5,3.0,2025-01-17,2025-01-20,4640.95,On Time,False,False,0.33800320702168957,0.7627516610880751,0.44500247128957715,0.5324267782426778,0.2222222222222222,False,False,True,False
1700,2025-01-29,Ahmedabad,Mumbai,1267.5,100.8,84.0,3.0,2025-01-30,2025-02-02,1623.83,On Time,False,False,0.48421807747489237,0.15906479492431433,0.1426739478481493,0.13179916317991633,0.2222222222222222,False,True,False,False
1701,2025-06-06,Chennai,Ahmedabad,1476.0,117.2,365.0,3.0,2025-06-07,2025-06-10,10179.607500000002,Delayed,True,False,0.5722001856696767,0.19183693860218815,1.0,0.7196652719665272,0.2222222222222222,True,False,False,False
1702,2025-07-04,Delhi,Pune,1048.7,81.8,481.0,4.0,2025-07-06,2025-07-10,1128.15,On Time,False,False,0.39188961093763186,0.12109706749263124,0.09300465975240008,0.9623430962343096,0.3333333333333333,False,False,False,True
1703,2025-02-20,Hyderabad,Delhi,1899.5,60.2,292.0,5.0,2025-02-20,2025-02-25,3065.87,On Time,False,False,0.7509072495569246,0.07793375630713893,0.2871726167587252,0.5669456066945606,0.4444444444444444,False,True,False,False
1704,2025-02-21,Delhi,Pune,1207.6,388.7,70.0,4.0,2025-02-22,2025-02-27,5402.38,On Time,False,False,0.45894168284243386,0.7343757805865014,0.5213010631931164,0.10251046025104603,0.3333333333333333,False,False,True,False
1705,2025-02-08,Ahmedabad,Mumbai,1221.7,228.8,285.0,4.0,2025-02-09,2025-02-13,4062.76,Delayed,False,False,0.4648915520297071,0.4148473797272319,0.3870653229598458,0.5523012552301255,0.3333333333333333,False,False,True,False
1706,2025-06-19,Pune,Chennai,691.0,86.5,273.0,3.0,2025-06-20,2025-06-23,2285.0,On Time,False,False,0.24094860325765885,0.1304890842783634,0.20892605245246365,0.5271966527196653,0.2222222222222222,False,False,True,False
1707,2025-01-03,Ahmedabad,Hyderabad,1288.3,215.1,285.0,3.0,2025-01-04,2025-01-08,2644.43,On Time,False,False,0.49299518946746557,0.3874706499475446,0.24494249899106746,0.5523012552301255,0.2222222222222222,False,True,False,False
1708,2025-06-21,Ahmedabad,Chennai,1039.7,340.8,150.0,5.0,2025-06-23,2025-06-28,4872.77,On Time,False,False,0.3880918220946915,0.6386571414297847,0.46823184178335664,0.2698744769874477,0.4444444444444444,False,False,True,False
1709,2025-05-23,Delhi,Hyderabad,826.3,145.7,275.5,3.0,2025-05-23,2025-05-26,2425.81,On Time,False,False,0.29804202886319514,0.24878852974971272,0.22303582580777848,0.5324267782426778,0.2222222222222222,False,False,True,False
1710,2025-05-20,Delhi,Pune,750.6,185.1,146.0,2.0,2025-05-22,2025-05-24,7053.27,On Time,False,False,0.26609840492868597,0.3275216066343608,0.6867274088685351,0.2615062761506276,0.1111111111111111,True,False,False,False
1711,2025-07-23,Chennai,Mumbai,2302.3,230.4,287.0,10.0,2025-07-25,2025-08-04,6780.35,On Time,False,False,0.9208793991054097,0.41804466203726837,0.6593796399307287,0.5564853556485355,1.0,False,False,False,True
1712,2025-06-06,Kolkata,Mumbai,981.4,228.8,305.0,3.0,2025-06-08,2025-06-11,2804.86,On Time,False,False,0.3634905899232002,0.4148473797272319,0.26101828153061124,0.5941422594142259,0.2222222222222222,False,False,True,False
1713,2025-08-07,Ahmedabad,Ahmedabad,444.4,90.9,275.5,1.0,2025-08-09,2025-08-10,731.13,Delayed,False,False,0.13688918896109376,0.13928161063096367,0.05322153200914965,0.5324267782426778,0.0,False,True,False,False
1714,2025-08-18,Hyderabad,Bengaluru,785.8,164.6,403.0,3.0,2025-08-19,2025-08-22,2059.69,Delayed,False,False,0.28095197906996366,0.28655642703701856,0.18634901222317607,0.799163179916318,0.2222222222222222,False,False,True,False
1715,2025-10-04,Hyderabad,Bengaluru,1076.8,82.9,443.0,4.0,2025-10-04,2025-10-08,1758.7,On Time,False,False,0.4037471516583677,0.12329519908078133,0.15618850741374346,0.8828451882845189,0.3333333333333333,False,False,False,True
1716,2025-08-28,Ahmedabad,Kolkata,1346.0,305.8,393.0,2.0,2025-08-29,2025-08-31,10179.607500000002,On Time,True,False,0.5173432357160942,0.568716590897737,1.0,0.7782426778242678,0.1111111111111111,True,False,False,False
1717,2025-06-05,Hyderabad,Kolkata,1349.7,134.4,275.5,2.0,2025-06-05,2025-06-07,10179.607500000002,On Time,True,False,0.5189045489070807,0.2262077234350802,1.0,0.5324267782426778,0.1111111111111111,True,False,False,False
1718,2025-05-28,Kolkata,Hyderabad,1404.5,132.0,437.0,7.0,2025-05-28,2025-06-04,1514.63,On Time,False,False,0.5420288631952063,0.22141179997002547,0.13173163373409225,0.8702928870292888,0.6666666666666666,False,False,False,True
1719,2025-03-12,Kolkata,Bengaluru,809.8,521.625,136.0,4.0,2025-03-14,2025-03-18,1758.7,On Time,False,True,0.29107941598447123,1.0,0.15618850741374346,0.2405857740585774,0.3333333333333333,False,False,False,True
1720,2025-06-29,Bengaluru,Delhi,1253.2,109.8,275.5,5.0,2025-06-30,2025-07-05,3285.64,On Time,False,False,0.4781838129799983,0.17704950791826946,0.30919452493497357,0.5324267782426778,0.4444444444444444,False,False,True,False
1721,2025-02-11,Mumbai,Hyderabad,705.8,98.4,275.0,2.0,2025-02-12,2025-02-14,1628.66,On Time,False,False,0.24719385602160515,0.15426887145925963,0.14315793481857877,0.5313807531380753,0.1111111111111111,False,False,True,False
1722,2025-10-07,Hyderabad,Hyderabad,821.2,120.8,243.0,3.0,2025-10-09,2025-10-12,2446.17,On Time,False,False,0.29588994851886236,0.1990308237997702,0.22507598620486824,0.46443514644351463,0.2222222222222222,False,False,True,False
1723,2025-09-11,Hyderabad,Mumbai,687.0,346.2,357.0,3.0,2025-09-11,2025-09-14,2970.23,On Time,False,False,0.23926069710524092,0.6494479692261578,0.27758907351817186,0.702928870292887,0.2222222222222222,False,False,True,False
1724,2025-02-05,Hyderabad,Kolkata,565.2,285.7,24.0,3.0,2025-02-07,2025-02-10,1878.74,On Time,False,False,0.18786395476411513,0.5285507318779038,0.16821703659186993,0.006276150627615063,0.2222222222222222,False,False,True,False
1725,2025-08-24,Bengaluru,Pune,1578.9,163.5,86.0,5.0,2025-08-25,2025-08-30,3739.77,On Time,False,False,0.6156215714406279,0.2843582954488685,0.3547003226329291,0.13598326359832635,0.4444444444444444,False,True,False,False
1726,2025-02-05,Pune,Bengaluru,1409.9,228.8,378.0,6.0,2025-02-06,2025-02-12,4175.87,On Time,False,False,0.5443075365009705,0.4148473797272319,0.3983994360499648,0.7468619246861925,0.5555555555555556,False,False,True,False
1727,2025-08-05,Ahmedabad,Delhi,1539.5,220.35000000000002,414.0,4.0,2025-08-06,2025-08-10,3937.49,On Time,False,False,0.5989956958393113,0.3979617325273518,0.3745127250746083,0.8221757322175732,0.3333333333333333,False,True,False,False
1728,2025-01-27,Bengaluru,Mumbai,1117.7,247.0,275.5,4.0,2025-01-28,2025-02-01,10179.607500000002,On Time,True,False,0.4210059920668411,0.4512164660038967,1.0,0.5324267782426778,0.3333333333333333,True,False,False,False
1729,2025-05-27,Kolkata,Bengaluru,1449.6,200.8,169.0,2.0,2025-05-28,2025-05-30,10179.607500000002,On Time,True,False,0.5610600050637183,0.35889493930159366,1.0,0.30962343096234307,0.1111111111111111,True,False,False,False
1730,2025-07-17,Mumbai,Kolkata,307.4,290.7,289.0,1.0,2025-07-18,2025-07-19,658.22,On Time,False,False,0.07907840324077979,0.5385422390967677,0.04591563345552417,0.5606694560669456,0.0,False,True,False,False
1731,2025-08-07,Pune,Ahmedabad,1488.4,116.1,249.0,6.0,2025-08-07,2025-08-13,3511.65,Delayed,False,False,0.5774326947421723,0.18963880701403804,0.3318417082034538,0.4769874476987448,0.5555555555555556,False,False,True,False
1732,2025-05-06,Ahmedabad,Bengaluru,1179.7,135.7,101.0,3.0,2025-05-06,2025-05-09,2012.46,Delayed,False,False,0.4471685374293189,0.2288055153119848,0.1816163611645047,0.16736401673640167,0.2222222222222222,False,True,False,False
1733,2025-10-04,Hyderabad,Ahmedabad,1382.2,298.4,260.0,2.0,2025-10-05,2025-10-07,10179.607500000002,Delayed,True,False,0.5326187863954764,0.5539291602138182,1.0,0.5,0.1111111111111111,True,False,False,False
1734,2025-08-21,Pune,Delhi,1271.0,257.3,413.0,5.0,2025-08-21,2025-08-26,2619.9,Delayed,False,False,0.48569499535825805,0.4717989708747565,0.2424844864890728,0.8200836820083682,0.4444444444444444,False,False,False,True
1735,2025-03-04,Pune,Kolkata,655.8,57.0,370.0,3.0,2025-03-05,2025-03-07,897.36,On Time,False,False,0.2260950291163811,0.07153919168706599,0.06987849973057557,0.7301255230125523,0.2222222222222222,False,True,False,False
1736,2025-07-21,Pune,Delhi,425.9,223.0,412.0,2.0,2025-07-23,2025-07-25,2528.04,Delayed,False,False,0.12908262300616083,0.4032572313533497,0.23327971566015993,0.8179916317991632,0.1111111111111111,False,True,False,False
1737,2025-08-08,Bengaluru,Bengaluru,779.6,521.625,329.0,1.0,2025-08-08,2025-08-09,10179.607500000002,Delayed,True,True,0.2783357245337159,1.0,1.0,0.6443514644351465,0.0,True,False,False,False
1738,2025-04-11,Mumbai,Delhi,1354.2,323.1,441.0,5.0,2025-04-11,2025-04-16,5639.15,On Time,False,False,0.5208034433285509,0.6032872058750063,0.5450264451783298,0.8786610878661087,0.4444444444444444,False,False,True,False
1739,2025-08-10,Mumbai,Kolkata,1410.5,166.2,139.0,6.0,2025-08-10,2025-08-16,4247.32,Delayed,False,False,0.5445607224238332,0.289753709347055,0.4055590362647027,0.24686192468619247,0.5555555555555556,False,False,True,False
1740,2025-09-27,Delhi,Chennai,484.4,521.625,42.0,2.0,2025-09-29,2025-10-01,1488.05,On Time,False,True,0.15376825048527298,1.0,0.1290682023316047,0.043933054393305436,0.1111111111111111,False,False,True,False
1741,2025-09-03,Kolkata,Delhi,658.5,263.6,74.0,4.0,2025-09-05,2025-09-09,2237.59,On Time,False,False,0.2272343657692632,0.4843882699705251,0.20417536461228558,0.1108786610878661,0.3333333333333333,False,False,True,False
1742,2025-08-17,Hyderabad,Mumbai,774.5,388.1,496.0,2.0,2025-08-17,2025-08-19,10179.607500000002,Delayed,True,False,0.27618364418938307,0.7331767997202379,1.0,0.9937238493723849,0.1111111111111111,True,False,False,False
1743,2025-07-10,Kolkata,Bengaluru,939.2,75.1,275.5,4.0,2025-07-11,2025-07-15,2312.12,On Time,False,False,0.34568318001519116,0.10770844781935353,0.2116435941994712,0.5324267782426778,0.3333333333333333,False,False,True,False
1744,2025-03-23,Mumbai,Ahmedabad,487.1,253.9,138.0,3.0,2025-03-25,2025-03-28,1298.25,On Time,False,False,0.1549075871381551,0.465004745965929,0.11004941827621977,0.24476987447698745,0.2222222222222222,False,False,True,False
1745,2025-08-27,Delhi,Delhi,460.1,183.5,429.0,2.0,2025-08-29,2025-08-31,1404.6,On Time,False,False,0.1435142206093341,0.32432432432432434,0.12070615001642096,0.8535564853556485,0.1111111111111111,False,False,True,False
1746,2025-04-20,Ahmedabad,Kolkata,730.2,242.2,168.0,2.0,2025-04-21,2025-04-23,2549.85,On Time,False,False,0.25749008355135455,0.44162461907378725,0.23546517235272024,0.3075313807531381,0.1111111111111111,False,False,True,False
1747,2025-06-09,Ahmedabad,Delhi,1138.8,94.2,306.0,4.0,2025-06-09,2025-06-13,3162.82,Delayed,False,False,0.4299096970208456,0.1458760053954139,0.2968874276869105,0.5962343096234309,0.3333333333333333,False,False,True,False
1748,2025-04-05,Kolkata,Pune,568.7,388.0,139.0,4.0,2025-04-07,2025-04-11,2125.23,Delayed,False,False,0.1893408726474808,0.7329769695758606,0.1929164047784444,0.24686192468619247,0.3333333333333333,False,False,True,False
1749,2025-04-04,Pune,Kolkata,1047.9,440.5,65.0,4.0,2025-04-06,2025-04-10,5233.77,On Time,False,False,0.3915520297071483,0.8378877953739322,0.5044056091384355,0.09205020920502092,0.3333333333333333,False,False,True,False
1750,2025-02-17,Hyderabad,Ahmedabad,1576.3,228.8,148.0,5.0,2025-02-18,2025-02-23,6337.61,Delayed,False,False,0.6145244324415562,0.4148473797272319,0.6150151696847795,0.26569037656903766,0.4444444444444444,False,False,True,False
1751,2025-10-16,Ahmedabad,Delhi,514.2,484.9,275.5,3.0,2025-10-16,2025-10-19,3083.6,On Time,False,False,0.16634315132078656,0.9266123794774441,0.2889492397371339,0.5324267782426778,0.2222222222222222,False,False,True,False
1752,2025-02-14,Ahmedabad,Mumbai,1007.1,178.6,285.0,3.0,2025-02-16,2025-02-19,2094.8,Delayed,False,False,0.3743353869524854,0.31453264724983765,0.1898671866603972,0.5523012552301255,0.2222222222222222,False,True,False,False
1753,2025-01-26,Hyderabad,Bengaluru,1561.1,250.8,29.0,4.0,2025-01-26,2025-01-30,6285.24,On Time,False,False,0.608110389062368,0.4588100114902333,0.6097674683097505,0.016736401673640166,0.3333333333333333,False,False,True,False
1754,2025-10-08,Kolkata,Hyderabad,911.8,310.6,135.0,4.0,2025-10-10,2025-10-14,3963.94,On Time,False,False,0.3341210228711283,0.5783084378278464,0.37716312991267437,0.2384937238493724,0.3333333333333333,False,False,True,False
1755,2025-06-16,Hyderabad,Ahmedabad,841.8,265.4,292.0,5.0,2025-06-18,2025-06-23,1472.35,On Time,False,False,0.3045826652038146,0.48798521256931604,0.12749499416685472,0.5669456066945606,0.4444444444444444,False,False,False,True
1756,2025-05-12,Chennai,Pune,1623.6,191.0,209.0,4.0,2025-05-13,2025-05-17,5320.18,On Time,False,False,0.6344839226938981,0.3393115851526203,0.5130642663050625,0.39330543933054396,0.3333333333333333,False,False,True,False
1757,2025-08-10,Chennai,Ahmedabad,962.2,202.0,325.0,6.0,2025-08-11,2025-08-17,1488.63,On Time,False,False,0.35538864039159423,0.36129290103412104,0.12912632084979292,0.6359832635983264,0.5555555555555556,False,False,False,True
1758,2025-04-25,Bengaluru,Hyderabad,1597.0,420.6,334.0,5.0,2025-04-25,2025-04-30,5532.71,On Time,False,False,0.6232593467803189,0.7981215966428536,0.5343606950473753,0.6548117154811716,0.4444444444444444,False,True,False,False
1759,2025-02-08,Bengaluru,Chennai,1293.0,217.1,483.0,2.0,2025-02-10,2025-02-12,10179.607500000002,On Time,True,False,0.49497847919655663,0.39146725283509015,1.0,0.9665271966527197,0.1111111111111111,True,False,False,False
1760,2025-08-07,Bengaluru,Kolkata,945.7,377.0,421.0,4.0,2025-08-07,2025-08-11,4129.12,On Time,False,False,0.3484260275128703,0.7109956536943598,0.3937148830753112,0.8368200836820083,0.3333333333333333,False,False,True,False
1761,2025-02-22,Kolkata,Delhi,1315.9,211.2,129.0,5.0,2025-02-22,2025-02-27,3105.38,On Time,False,False,0.5046417419191493,0.3796772743168307,0.2911316902994431,0.22594142259414227,0.4444444444444444,False,True,False,False
1762,2025-06-15,Kolkata,Kolkata,1244.2,375.9,352.0,6.0,2025-06-17,2025-06-23,3241.36,On Time,False,False,0.47438602413705794,0.7087975221062097,0.30475747668432845,0.6924686192468619,0.5555555555555556,False,False,False,True
1763,2025-10-12,Mumbai,Chennai,1559.4,229.3,321.0,6.0,2025-10-14,2025-10-20,4828.11,On Time,False,False,0.6073930289475905,0.4158465304491183,0.463756715882864,0.6276150627615062,0.5555555555555556,False,False,True,False
1764,2025-10-08,Bengaluru,Mumbai,853.2,297.6,305.0,3.0,2025-10-09,2025-10-12,10179.607500000002,On Time,True,False,0.3093931977382057,0.5523305190588,1.0,0.5941422594142259,0.2222222222222222,True,False,False,False
1765,2025-04-19,Bengaluru,Delhi,1118.5,152.2,403.0,4.0,2025-04-20,2025-04-24,3248.03,On Time,False,False,0.42134357329732464,0.2617774891342359,0.30542583964349296,0.799163179916318,0.3333333333333333,False,False,True,False
1766,2025-08-23,Ahmedabad,Bengaluru,1072.3,250.6,90.0,4.0,2025-08-24,2025-08-28,10179.607500000002,On Time,True,False,0.4018482572368976,0.4584103512014787,1.0,0.14435146443514643,0.3333333333333333,True,False,False,False
1767,2025-07-03,Bengaluru,Chennai,1416.9,153.5,200.0,5.0,2025-07-03,2025-07-08,1887.23,On Time,False,False,0.5472613722677019,0.26437528101114055,0.16906777145293536,0.37447698744769875,0.4444444444444444,False,True,False,False
1768,2025-05-24,Kolkata,Ahmedabad,638.7,176.2,411.0,4.0,2025-05-25,2025-05-29,1534.89,On Time,False,False,0.2188792303147945,0.30973672378478295,0.13376177369701162,0.8158995815899581,0.3333333333333333,False,False,True,False
1769,2025-02-11,Mumbai,Kolkata,1557.6,184.0,448.0,5.0,2025-02-13,2025-02-18,3296.2,On Time,False,False,0.6066334711790023,0.32532347504621073,0.31025268278336593,0.893305439330544,0.4444444444444444,False,True,False,False
1770,2025-04-23,Delhi,Ahmedabad,1309.8,200.2,37.0,3.0,2025-04-24,2025-04-27,2863.1,On Time,False,False,0.502067685036712,0.35769595843533,0.2668541823914417,0.03347280334728033,0.2222222222222222,False,True,False,False
1771,2025-07-15,Chennai,Hyderabad,507.4,354.3,246.0,2.0,2025-07-17,2025-07-19,2451.57,On Time,False,False,0.16347371086167606,0.6656342109207174,0.22561708965006888,0.4707112970711297,0.1111111111111111,False,False,True,False
1772,2025-10-23,Kolkata,Mumbai,1643.7,172.6,275.5,4.0,2025-10-25,2025-10-29,4921.58,Delayed,False,False,0.6429656511097983,0.3025428385872009,0.47312281570192005,0.5324267782426778,0.3333333333333333,False,False,True,False
1773,2025-01-02,Chennai,Delhi,2105.3,521.625,100.0,4.0,2025-01-04,2025-01-08,4693.99,On Time,False,True,0.8377500210988269,1.0,0.45031730957354776,0.16527196652719664,0.3333333333333333,False,True,False,False
1774,2025-08-04,Kolkata,Hyderabad,1550.8,376.5,47.0,5.0,2025-08-06,2025-08-11,4656.42,On Time,False,False,0.6037640307198919,0.7099965029724734,0.4465526324557353,0.05439330543933055,0.4444444444444444,False,True,False,False
1775,2025-09-11,Pune,Bengaluru,1742.1,294.5,278.0,5.0,2025-09-13,2025-09-18,4665.85,On Time,False,False,0.6844881424592791,0.5461357845831044,0.44749755939800234,0.5376569037656904,0.4444444444444444,False,True,False,False
1776,2025-10-13,Delhi,Chennai,1138.4,76.1,340.0,3.0,2025-10-15,2025-10-18,8165.82,On Time,False,False,0.42974090640560386,0.10970674926312632,0.7982097492311194,0.6673640167364017,0.2222222222222222,True,False,False,False
1777,2025-05-08,Chennai,Bengaluru,352.3,92.6,275.0,1.0,2025-05-10,2025-05-11,642.06,On Time,False,False,0.09802514980167103,0.1426787230853774,0.04429633129359044,0.5313807531380753,0.0,False,False,True,False
1778,2025-02-05,Delhi,Ahmedabad,270.1,267.9,275.5,3.0,2025-02-07,2025-02-10,1299.31,On Time,False,False,0.06333867836948266,0.49298096617874804,0.1101556348784258,0.5324267782426778,0.2222222222222222,False,False,True,False
1779,2025-03-23,Chennai,Kolkata,1214.8,167.9,390.0,4.0,2025-03-25,2025-03-29,2291.17,Delayed,False,False,0.46197991391678617,0.2931508218014688,0.20954431324077621,0.7719665271966527,0.3333333333333333,False,True,False,False
1780,2025-09-13,Hyderabad,Mumbai,833.6,85.0,332.0,4.0,2025-09-15,2025-09-19,1770.98,Delayed,False,False,0.3011224575913579,0.1274916321127042,0.15741901672986636,0.6506276150627615,0.3333333333333333,False,False,True,False
1781,2025-09-21,Mumbai,Chennai,688.4,161.4,456.0,2.0,2025-09-23,2025-09-25,1909.71,On Time,False,False,0.2398514642585872,0.28016186241694563,0.17132036505443723,0.9100418410041841,0.1111111111111111,False,False,True,False
1782,2025-07-11,Chennai,Ahmedabad,1071.8,273.0,186.0,3.0,2025-07-12,2025-07-15,4446.2,On Time,False,False,0.40163726896784535,0.5031723035419893,0.4254876757427583,0.34518828451882844,0.2222222222222222,False,False,True,False
1783,2025-02-06,Mumbai,Pune,1377.0,182.9,134.0,4.0,2025-02-08,2025-02-12,4327.66,On Time,False,False,0.530424508397333,0.32312534345806065,0.41360945307718755,0.23640167364016737,0.3333333333333333,False,False,True,False
1784,2025-02-06,Ahmedabad,Pune,446.3,225.8,238.0,1.0,2025-02-08,2025-02-09,831.08,On Time,False,False,0.13769094438349228,0.4088524753959135,0.06323695596244641,0.45397489539748953,0.0,False,True,False,False
1785,2025-05-24,Hyderabad,Ahmedabad,898.0,191.7,263.0,4.0,2025-05-25,2025-05-29,3185.33,Delayed,False,False,0.3282977466452865,0.3407103961632612,0.29914302741866344,0.5062761506276151,0.3333333333333333,False,False,True,False
1786,2025-06-26,Delhi,Mumbai,1779.4,149.3,239.0,3.0,2025-06-26,2025-06-29,10179.607500000002,On Time,True,False,0.7002278673305764,0.25598241494729485,1.0,0.4560669456066946,0.2222222222222222,True,False,False,False
1787,2025-01-10,Delhi,Chennai,616.1,248.1,419.0,3.0,2025-01-12,2025-01-15,1566.5,On Time,False,False,0.2093425605536332,0.4534145975920468,0.13692923293826934,0.8326359832635983,0.2222222222222222,False,True,False,False
1788,2025-07-25,Mumbai,Mumbai,1491.4,220.35000000000002,41.0,3.0,2025-07-26,2025-07-29,2753.41,On Time,False,False,0.5786986243564858,0.3979617325273518,0.25586276814994974,0.04184100418410042,0.2222222222222222,False,True,False,False
1789,2025-06-13,Kolkata,Mumbai,881.9,139.0,273.0,2.0,2025-06-14,2025-06-16,2817.62,On Time,False,False,0.32150392438180436,0.23539991007643501,0.262296888930752,0.5271966527196653,0.1111111111111111,False,False,True,False
1790,2025-01-04,Pune,Pune,1345.6,322.5,226.0,5.0,2025-01-06,2025-01-11,5495.06,On Time,False,False,0.5171744451008523,0.6020882250087426,0.5305880015822265,0.42887029288702927,0.4444444444444444,False,False,True,False
1791,2025-01-29,Bengaluru,Ahmedabad,1593.8,94.4,121.0,8.0,2025-01-29,2025-02-06,2006.62,On Time,False,False,0.6219090218583846,0.14627566568416847,0.18103116780895437,0.20920502092050208,0.7777777777777778,False,False,False,True
1792,2025-05-17,Ahmedabad,Delhi,1433.6,219.9,327.0,5.0,2025-05-18,2025-05-23,2911.8,On Time,False,False,0.5543083804540466,0.397062496877654,0.27173413383241773,0.6401673640167364,0.4444444444444444,False,True,False,False
1793,2025-08-05,Chennai,Hyderabad,1509.1,175.3,404.0,6.0,2025-08-05,2025-08-11,4638.99,On Time,False,False,0.586167609080935,0.3079382524853875,0.4448060707798377,0.801255230125523,0.5555555555555556,False,False,True,False
1794,2025-09-05,Chennai,Bengaluru,581.8,166.4,282.0,3.0,2025-09-05,2025-09-08,1585.47,Delayed,False,False,0.19486876529664948,0.29015336963580957,0.1388301093003908,0.5460251046025104,0.2222222222222222,False,False,True,False
1795,2025-05-10,Kolkata,Mumbai,1601.1,337.9,60.0,4.0,2025-05-12,2025-05-16,6818.7,On Time,False,False,0.6249894505865473,0.6328620672428436,0.66322247643507,0.08158995815899582,0.3333333333333333,False,False,True,False
1796,2025-03-30,Delhi,Ahmedabad,716.3,371.1,56.0,3.0,2025-03-31,2025-04-03,9623.98,On Time,False,False,0.2516246096717022,0.6992056751761003,0.9443237121299608,0.07322175732217573,0.2222222222222222,True,False,False,False
1797,2025-10-18,Ahmedabad,Pune,1216.8,120.6,222.0,5.0,2025-10-18,2025-10-23,2107.76,On Time,False,False,0.46282386699299516,0.19863116351101562,0.1911658349288787,0.4205020920502092,0.4444444444444444,False,True,False,False
1798,2025-05-18,Delhi,Bengaluru,1216.2,201.0,340.0,3.0,2025-05-19,2025-05-22,10179.607500000002,On Time,True,False,0.4625706810701325,0.3592945995903482,1.0,0.6673640167364017,0.2222222222222222,True,False,False,False
1799,2025-04-05,Kolkata,Hyderabad,1318.3,66.7,170.0,2.0,2025-04-05,2025-04-07,9061.41,Delayed,False,False,0.5056544856106,0.09092271569166209,0.8879517556176431,0.3117154811715481,0.1111111111111111,True,False,False,False
1800,2025-05-13,Bengaluru,Kolkata,1251.6,328.4,168.0,5.0,2025-05-15,2025-05-20,2997.74,On Time,False,False,0.4775086505190311,0.6138782035270021,0.2803456949584439,0.3075313807531381,0.4444444444444444,False,True,False,False
1801,2025-01-04,Mumbai,Pune,720.3,214.0,432.0,5.0,2025-01-04,2025-01-09,1002.47,On Time,False,False,0.2533125158241201,0.3852725183593945,0.08041097808706403,0.8598326359832636,0.4444444444444444,False,False,False,True
1802,2025-04-01,Kolkata,Kolkata,492.6,220.35000000000002,26.0,1.0,2025-04-02,2025-04-03,358.45,On Time,False,False,0.15722845809772976,0.3979617325273518,0.015877377942970197,0.010460251046025104,0.0,False,True,False,False
1803,2025-06-04,Kolkata,Ahmedabad,1492.6,228.8,58.0,4.0,2025-06-05,2025-06-09,4358.47,On Time,False,False,0.5792049962022111,0.4148473797272319,0.4166967488450823,0.07740585774058577,0.3333333333333333,False,False,True,False
1804,2025-10-03,Chennai,Mumbai,1183.6,114.5,94.0,5.0,2025-10-03,2025-10-08,3297.89,Delayed,False,False,0.44881424592792635,0.18644152470400158,0.31042202812084535,0.15271966527196654,0.4444444444444444,False,False,True,False
1805,2025-08-10,Delhi,Delhi,1617.2,138.2,492.0,4.0,2025-08-12,2025-08-16,4664.15,On Time,False,False,0.6317832728500296,0.23380126892141675,0.44732721201710574,0.9853556485355649,0.3333333333333333,False,False,True,False
1806,2025-08-23,Mumbai,Ahmedabad,1079.9,70.8,258.0,5.0,2025-08-24,2025-08-29,2281.03,On Time,False,False,0.4050552789264917,0.09911575161113052,0.2085282412158995,0.49581589958158995,0.4444444444444444,False,False,True,False
1807,2025-06-13,Mumbai,Chennai,467.7,418.3,95.0,4.0,2025-06-14,2025-06-18,2383.21,On Time,False,False,0.14672124229892816,0.7935255033221762,0.21876712085119576,0.15481171548117154,0.3333333333333333,False,False,True,False
1808,2025-02-03,Kolkata,Chennai,1534.8,123.2,275.5,4.0,2025-02-04,2025-02-08,4039.76,On Time,False,False,0.5970124061102202,0.2038267472648249,0.38476062310065795,0.5324267782426778,0.3333333333333333,False,False,True,False
1809,2025-04-28,Mumbai,Pune,933.3,219.7,485.0,3.0,2025-04-30,2025-05-03,2876.32,On Time,False,False,0.34319351844037466,0.39666283658889945,0.2681788837887662,0.9707112970711297,0.2222222222222222,False,False,True,False
1810,2025-10-27,Ahmedabad,Delhi,1253.9,220.35000000000002,353.0,4.0,2025-10-27,2025-10-31,3431.31,On Time,False,False,0.4784791965566714,0.3979617325273518,0.32379129139096896,0.694560669456067,0.3333333333333333,False,True,False,False
1811,2025-01-14,Delhi,Bengaluru,808.6,371.3,127.0,4.0,2025-01-16,2025-01-20,2099.02,On Time,False,False,0.29057304413874585,0.6996053354648549,0.1902900489823873,0.2217573221757322,0.3333333333333333,False,False,False,True
1812,2025-09-21,Hyderabad,Chennai,1839.9,223.6,135.0,5.0,2025-09-22,2025-09-27,10179.607500000002,On Time,True,False,0.7257574478858976,0.4044562122196133,1.0,0.2384937238493724,0.4444444444444444,True,False,False,False
1813,2025-07-25,Hyderabad,Delhi,705.5,190.1,55.0,3.0,2025-07-25,2025-07-28,2093.26,On Time,False,False,0.24706726306017385,0.33751311385322474,0.18971287197417333,0.07112970711297072,0.2222222222222222,False,False,True,False
1814,2025-03-27,Kolkata,Ahmedabad,948.2,228.5,390.0,3.0,2025-03-28,2025-03-31,3685.55,On Time,False,False,0.34948096885813146,0.4142478892941,0.34926724322574804,0.7719665271966527,0.2222222222222222,False,False,True,False
1815,2025-08-22,Ahmedabad,Delhi,1148.4,120.2,85.0,5.0,2025-08-24,2025-08-29,2954.33,On Time,False,False,0.43396067178664866,0.1978318429335065,0.27599582448508114,0.13389121338912133,0.4444444444444444,False,False,True,False
1816,2025-09-09,Mumbai,Mumbai,608.5,125.8,157.0,4.0,2025-09-09,2025-09-13,1865.47,On Time,False,False,0.20613553886403915,0.20902233101863416,0.16688732497746026,0.28451882845188287,0.3333333333333333,False,False,True,False
1817,2025-01-13,Delhi,Hyderabad,1248.7,187.8,187.0,4.0,2025-01-14,2025-01-18,3853.18,On Time,False,False,0.4762849185585281,0.33291702053254735,0.36606449702555927,0.3472803347280335,0.3333333333333333,False,False,True,False
1818,2025-02-01,Chennai,Pune,1825.4,55.3,318.0,6.0,2025-02-02,2025-02-08,2628.01,On Time,False,False,0.7196387880833826,0.06814207923265224,0.2432971437002908,0.6213389121338913,0.5555555555555556,False,True,False,False
1819,2025-07-19,Delhi,Delhi,879.3,151.0,311.0,4.0,2025-07-21,2025-07-25,1852.19,On Time,False,False,0.32040678538273265,0.25937952740170855,0.16555661131963353,0.606694560669456,0.3333333333333333,False,False,True,False
1820,2025-10-27,Chennai,Hyderabad,1277.8,169.5,403.0,7.0,2025-10-28,2025-11-04,1871.65,On Time,False,False,0.4885644358173685,0.29634810411150525,0.16750658780918987,0.799163179916318,0.6666666666666666,False,False,False,True
1821,2025-01-08,Chennai,Bengaluru,120.0,521.3,162.0,3.0,2025-01-10,2025-01-13,2082.84,On Time,False,False,0.0,0.9993505520307737,0.1886687427336195,0.29497907949790797,0.2222222222222222,True,False,False,False
1822,2025-07-19,Pune,Pune,1082.5,395.2,205.0,3.0,2025-07-21,2025-07-24,10179.607500000002,On Time,True,False,0.4061524179255633,0.7473647399710246,1.0,0.38493723849372385,0.2222222222222222,True,False,False,False
1823,2025-02-10,Chennai,Delhi,959.1,271.3,206.0,3.0,2025-02-12,2025-02-15,4204.77,On Time,False,False,0.35408051312347033,0.4997751910875756,0.40129534152520524,0.38702928870292885,0.2222222222222222,False,False,True,False
1824,2025-07-15,Ahmedabad,Ahmedabad,731.7,332.5,42.0,2.0,2025-07-16,2025-07-18,9076.47,Delayed,False,False,0.25812304835851124,0.6220712394464705,0.8894608330037026,0.043933054393305436,0.1111111111111111,True,False,False,False
1825,2025-07-06,Pune,Bengaluru,1586.7,125.2,275.5,6.0,2025-07-08,2025-07-14,4176.9,On Time,False,False,0.6189129884378428,0.20782335015237047,0.3985026465219197,0.5324267782426778,0.5555555555555556,False,False,True,False
1826,2025-01-28,Ahmedabad,Pune,953.2,231.7,277.0,6.0,2025-01-28,2025-02-03,1414.63,On Time,False,False,0.3515908515486539,0.42064245391417293,0.12171119956371028,0.5355648535564853,0.5555555555555556,False,False,False,True
1827,2025-07-24,Mumbai,Chennai,1020.1,312.1,248.0,5.0,2025-07-26,2025-07-31,4054.85,Delayed,False,False,0.3798210819478437,0.5813058899935055,0.38627270661696855,0.47489539748953974,0.4444444444444444,False,False,True,False
1828,2025-09-27,Ahmedabad,Ahmedabad,930.3,125.9,497.0,4.0,2025-09-29,2025-10-03,2862.4,On Time,False,False,0.3419275888260612,0.20922216116301143,0.26678403935224904,0.99581589958159,0.3333333333333333,False,False,True,False
1829,2025-09-17,Bengaluru,Hyderabad,237.4,92.8,105.0,2.0,2025-09-17,2025-09-19,1035.96,On Time,False,False,0.04954004557346611,0.14307838337413198,0.08376682149072495,0.17573221757322174,0.1111111111111111,False,False,True,False
1830,2025-01-09,Ahmedabad,Delhi,590.6,256.9,485.0,2.0,2025-01-10,2025-01-12,1990.78,On Time,False,False,0.19858215883196895,0.47099965029724733,0.17944393103636588,0.9707112970711297,0.1111111111111111,False,False,True,False
1831,2025-03-15,Chennai,Ahmedabad,1532.5,99.2,346.0,4.0,2025-03-17,2025-03-21,3681.78,On Time,False,False,0.5960418600725799,0.15586751261427786,0.34888947285752464,0.6799163179916318,0.3333333333333333,False,False,True,False
1832,2025-03-14,Ahmedabad,Pune,150.5,283.8,126.0,1.0,2025-03-14,2025-03-15,244.1,On Time,False,False,0.012870284412186682,0.5247539591347355,0.0044190114691384395,0.2196652719665272,0.0,False,False,True,False
1833,2025-05-16,Bengaluru,Chennai,755.2,368.2,345.0,4.0,2025-05-18,2025-05-22,2688.45,On Time,False,False,0.26803949700396656,0.6934106009891592,0.2493534941128696,0.6778242677824268,0.3333333333333333,False,True,False,False
1834,2025-02-12,Mumbai,Bengaluru,920.1,128.1,382.0,4.0,2025-02-14,2025-02-18,7956.8,On Time,False,False,0.33762342813739554,0.21361842433931155,0.7772650377281871,0.7552301255230126,0.3333333333333333,True,False,False,False
1835,2025-09-14,Kolkata,Kolkata,1884.6,133.8,193.0,5.0,2025-09-16,2025-09-21,5251.68,On Time,False,False,0.7446197991391678,0.2250087425688165,0.5062002688983509,0.3598326359832636,0.4444444444444444,False,False,True,False
1836,2025-08-22,Delhi,Bengaluru,1445.9,362.8,185.0,4.0,2025-08-22,2025-08-26,10179.607500000002,On Time,True,False,0.5594986918727318,0.6826197731927862,1.0,0.34309623430962344,0.3333333333333333,False,True,False,False
1837,2025-08-31,Ahmedabad,Ahmedabad,849.3,224.2,420.0,3.0,2025-09-02,2025-09-05,1579.23,On Time,False,False,0.3077474892395982,0.405655193085877,0.13820483420815896,0.8347280334728033,0.2222222222222222,False,True,False,False
1838,2025-03-01,Chennai,Ahmedabad,1687.0,338.9,96.0,4.0,2025-03-03,2025-03-07,7375.72,On Time,False,False,0.6612372352097223,0.6348603686866163,0.7190382988509316,0.15690376569037656,0.3333333333333333,False,False,True,False
1839,2025-01-05,Delhi,Delhi,766.8,191.5,26.0,3.0,2025-01-05,2025-01-08,2646.36,On Time,False,False,0.2729344248459785,0.34031073587450666,0.24513589337055589,0.010460251046025104,0.2222222222222222,False,False,True,False
1840,2025-10-01,Bengaluru,Ahmedabad,1554.1,199.1,339.0,3.0,2025-10-03,2025-10-06,10179.607500000002,On Time,True,False,0.6051565532956367,0.3554978268471799,1.0,0.6652719665271967,0.2222222222222222,True,False,False,False
1841,2025-03-28,Kolkata,Kolkata,488.5,221.2,455.0,4.0,2025-03-29,2025-04-02,1593.33,Delayed,False,False,0.15549835429150138,0.3996602887545586,0.13961771542618281,0.9079497907949791,0.3333333333333333,False,False,True,False
1842,2025-07-16,Mumbai,Hyderabad,1583.0,213.1,260.0,4.0,2025-07-18,2025-07-22,10179.607500000002,On Time,True,False,0.6173516752468562,0.383474047059999,1.0,0.5,0.3333333333333333,True,False,False,False
1843,2025-09-30,Pune,Pune,917.2,325.8,84.0,2.0,2025-09-30,2025-10-02,2529.51,On Time,False,False,0.3363996961768926,0.6086826197731928,0.23342701604246457,0.13179916317991633,0.1111111111111111,False,True,False,False
1844,2025-01-11,Pune,Kolkata,637.2,148.3,278.0,4.0,2025-01-13,2025-01-16,2302.58,On Time,False,False,0.2182462655076378,0.253984113503522,0.2106876447796168,0.5376569037656904,0.3333333333333333,False,False,True,False
1845,2025-01-02,Hyderabad,Kolkata,1002.3,240.3,140.0,4.0,2025-01-03,2025-01-07,2601.74,On Time,False,False,0.3723098995695839,0.437827846330619,0.2406647756437314,0.2489539748953975,0.3333333333333333,False,True,False,False
1846,2025-01-02,Bengaluru,Kolkata,1224.8,184.4,417.0,4.0,2025-01-02,2025-01-06,10179.607500000002,On Time,True,False,0.46619967929783096,0.3261227956237199,1.0,0.8284518828451883,0.3333333333333333,True,False,False,False
1847,2025-02-16,Kolkata,Pune,877.4,166.4,313.0,4.0,2025-02-17,2025-02-21,1695.08,On Time,False,False,0.3196050299603342,0.29015336963580957,0.14981350719454645,0.6108786610878661,0.3333333333333333,False,True,False,False
1848,2025-01-16,Bengaluru,Kolkata,1349.3,279.9,181.0,5.0,2025-01-18,2025-01-23,3468.9,On Time,False,False,0.5187357582918389,0.5169605835040215,0.32755797259561553,0.33472803347280333,0.4444444444444444,False,True,False,False
1849,2025-09-03,Bengaluru,Chennai,837.7,251.7,319.0,1.0,2025-09-05,2025-09-06,8981.93,On Time,False,False,0.3028525613975863,0.4606084827896288,0.8799875145390236,0.6234309623430963,0.0,True,False,False,False
1850,2025-07-01,Delhi,Chennai,1379.2,129.0,340.0,4.0,2025-07-01,2025-07-05,10179.607500000002,Delayed,True,False,0.531352856781163,0.21541689563870708,1.0,0.6673640167364017,0.3333333333333333,True,False,False,False
1851,2025-10-22,Mumbai,Delhi,1299.0,221.5,345.0,4.0,2025-10-24,2025-10-28,10179.607500000002,On Time,True,False,0.4975103384251835,0.40025977918769046,1.0,0.6778242677824268,0.3333333333333333,True,False,False,False
1852,2025-08-29,Chennai,Kolkata,1072.6,163.7,195.0,4.0,2025-08-30,2025-09-03,1871.83,On Time,False,False,0.4019748501983289,0.284757955737623,0.16752462459069653,0.36401673640167365,0.3333333333333333,False,True,False,False
1853,2025-10-16,Kolkata,Mumbai,901.4,228.8,293.0,5.0,2025-10-16,2025-10-21,3778.15,On Time,False,False,0.3297324668748417,0.4148473797272319,0.35854616526752175,0.5690376569037657,0.4444444444444444,False,False,True,False
1854,2025-03-13,Delhi,Mumbai,1168.2,159.7,40.0,3.0,2025-03-14,2025-03-17,3371.03,On Time,False,False,0.44231580724111735,0.27676474996253186,0.31775097367306276,0.0397489539748954,0.2222222222222222,False,False,True,False
1855,2025-03-28,Mumbai,Hyderabad,1347.6,199.7,213.0,3.0,2025-03-30,2025-04-02,4436.36,On Time,False,False,0.5180183981770613,0.3566968077134436,0.4245016650203927,0.401673640167364,0.2222222222222222,False,False,True,False
1856,2025-09-12,Pune,Mumbai,2027.8,168.9,201.0,5.0,2025-09-12,2025-09-17,4314.39,Delayed,False,False,0.8050468393957295,0.29514912324524156,0.4122797414627779,0.37656903765690375,0.4444444444444444,False,True,False,False
1857,2025-03-15,Chennai,Bengaluru,1522.7,77.8,276.0,5.0,2025-03-15,2025-03-20,3449.79,On Time,False,False,0.5919064899991561,0.11310386171754008,0.32564306762565554,0.5334728033472803,0.4444444444444444,False,False,True,False
1858,2025-01-18,Bengaluru,Pune,1539.2,457.0,476.0,4.0,2025-01-18,2025-01-22,8216.54,Delayed,False,False,0.59886910287788,0.8708597691961832,0.8032921134423372,0.9518828451882845,0.3333333333333333,False,False,True,False
1859,2025-07-20,Bengaluru,Hyderabad,2489.8,220.2,477.0,9.0,2025-07-21,2025-07-30,3682.84,On Time,False,False,1.0,0.39766198731078584,0.3489956894597307,0.9539748953974896,0.8888888888888888,False,False,False,True
1860,2025-08-29,Hyderabad,Kolkata,1332.2,464.9,251.0,5.0,2025-08-29,2025-09-03,7174.92,On Time,False,False,0.5115199594902523,0.8866463506019883,0.6989172670368047,0.4811715481171548,0.4444444444444444,False,False,True,False
1861,2025-10-18,Hyderabad,Delhi,1318.1,225.4,330.0,4.0,2025-10-20,2025-10-24,2326.66,On Time,False,False,0.5055700903029791,0.4080531548184044,0.21310056532784474,0.6464435146443515,0.3333333333333333,False,True,False,False
1862,2025-10-06,Chennai,Ahmedabad,1416.8,305.1,71.0,2.0,2025-10-06,2025-10-08,10179.607500000002,Delayed,True,False,0.5472191746138914,0.567317779887096,1.0,0.10460251046025104,0.1111111111111111,True,False,False,False
1863,2025-02-06,Pune,Pune,646.0,153.7,251.0,3.0,2025-02-06,2025-02-09,2163.75,On Time,False,False,0.2219596590429572,0.2647749412998951,0.19677627602087552,0.4811715481171548,0.2222222222222222,False,False,True,False
1864,2025-08-20,Chennai,Bengaluru,900.2,155.8,350.0,3.0,2025-08-20,2025-08-23,1968.18,On Time,False,False,0.3292260950291164,0.268971374331818,0.17717931291385955,0.6882845188284519,0.2222222222222222,False,True,False,False
1865,2025-09-11,Pune,Mumbai,872.2,213.9,347.0,2.0,2025-09-13,2025-09-15,2528.04,On Time,False,False,0.3174107519621909,0.3850726882150173,0.23327971566015993,0.6820083682008368,0.1111111111111111,False,True,False,False
1866,2025-07-29,Kolkata,Mumbai,1391.4,462.8,482.0,5.0,2025-07-31,2025-08-05,4538.48,On Time,False,False,0.5365009705460376,0.8824499175700655,0.4347345323951868,0.9644351464435147,0.4444444444444444,False,True,False,False
1867,2025-09-03,Mumbai,Chennai,1021.6,131.5,243.0,4.0,2025-09-03,2025-09-07,2639.83,On Time,False,False,0.3804540467550004,0.22041264924813908,0.2444815590192299,0.46443514644351463,0.3333333333333333,False,False,True,False
1868,2025-09-09,Pune,Delhi,1162.2,66.5,455.0,3.0,2025-09-10,2025-09-13,2727.47,On Time,False,False,0.4397839480124905,0.09052305540290752,0.25326346752615264,0.9079497907949791,0.2222222222222222,False,False,True,False
1869,2025-05-14,Mumbai,Pune,1589.4,358.6,489.0,4.0,2025-05-16,2025-05-20,6526.03,On Time,False,False,0.6200523250907249,0.6742269071289404,0.6338956717486132,0.9790794979079498,0.3333333333333333,False,False,True,False
1870,2025-01-13,Pune,Delhi,1488.4,314.5,294.0,6.0,2025-01-15,2025-01-21,3856.07,On Time,False,False,0.5774326947421723,0.5861018134585603,0.36635408757308335,0.5711297071129707,0.5555555555555556,False,False,True,False
1871,2025-05-17,Mumbai,Chennai,1027.2,174.0,63.0,3.0,2025-05-17,2025-05-20,3282.88,On Time,False,False,0.38281711536838553,0.3053404606084828,0.3089179609518711,0.08786610878661087,0.2222222222222222,False,False,True,False
1872,2025-03-02,Delhi,Ahmedabad,798.5,521.625,200.0,2.0,2025-03-04,2025-03-06,4655.78,On Time,False,True,0.2863110811038906,1.0,0.4464885016770448,0.37447698744769875,0.1111111111111111,False,False,True,False
1873,2025-02-04,Bengaluru,Pune,1610.9,521.625,275.5,5.0,2025-02-06,2025-02-11,9866.49,On Time,False,True,0.6291248206599713,1.0,0.9686242670365541,0.5324267782426778,0.4444444444444444,False,False,True,False
1874,2025-02-07,Ahmedabad,Delhi,1448.3,74.5,275.5,5.0,2025-02-09,2025-02-14,3483.29,On Time,False,False,0.5605114355641826,0.10650946695308987,0.3289999130727335,0.5324267782426778,0.4444444444444444,False,False,True,False
1875,2025-07-29,Kolkata,Kolkata,377.2,151.7,275.5,1.0,2025-07-30,2025-07-31,945.62,On Time,False,False,0.1085323656004726,0.2607783384123495,0.07471436126120189,0.5324267782426778,0.0,False,False,True,False
1876,2025-06-01,Mumbai,Bengaluru,959.1,213.1,411.0,3.0,2025-06-02,2025-06-05,9196.93,Delayed,False,False,0.35408051312347033,0.383474047059999,0.9015314480053448,0.8158995815899581,0.2222222222222222,True,False,False,False
1877,2025-06-11,Delhi,Hyderabad,1174.5,267.3,50.0,3.0,2025-06-13,2025-06-16,3019.14,On Time,False,False,0.4449742594311756,0.4917819853124844,0.2824900678709057,0.060669456066945605,0.2222222222222222,False,True,False,False
1878,2025-08-12,Ahmedabad,Ahmedabad,1450.5,247.4,433.0,5.0,2025-08-14,2025-08-19,5016.38,On Time,False,False,0.5614397839480124,0.45201578658140584,0.48262218729544215,0.8619246861924686,0.4444444444444444,False,False,True,False
1879,2025-06-14,Hyderabad,Pune,1509.5,213.1,191.0,2.0,2025-06-15,2025-06-17,10179.607500000002,On Time,True,False,0.5863363996961769,0.383474047059999,1.0,0.35564853556485354,0.1111111111111111,True,False,False,False
1880,2025-07-09,Mumbai,Ahmedabad,1227.8,120.5,413.0,4.0,2025-07-11,2025-07-15,2356.85,On Time,False,False,0.46746560891214445,0.19843133336663835,0.21612573440388308,0.8200836820083682,0.3333333333333333,False,True,False,False
1881,2025-01-26,Kolkata,Mumbai,1363.4,284.1,263.0,5.0,2025-01-27,2025-02-01,3997.99,On Time,False,False,0.5246856274791122,0.5253534495678673,0.3805750877476894,0.5062761506276151,0.4444444444444444,False,True,False,False
1882,2025-09-13,Chennai,Delhi,1128.9,292.2,238.0,5.0,2025-09-15,2025-09-20,4494.59,On Time,False,False,0.42573212929361126,0.541539691262427,0.43033656383780616,0.45397489539748953,0.4444444444444444,False,False,True,False
1883,2025-05-15,Delhi,Bengaluru,796.8,346.2,54.0,2.0,2025-05-15,2025-05-17,3669.35,On Time,False,False,0.28559372098911295,0.6494479692261578,0.34764393289014617,0.06903765690376569,0.1111111111111111,False,False,True,False
1884,2025-02-16,Pune,Mumbai,982.4,111.0,77.0,2.0,2025-02-18,2025-02-20,7325.16,On Time,False,False,0.3639125664613047,0.1794474696507968,0.7139719673343865,0.11715481171548117,0.1111111111111111,True,False,False,False
1885,2025-09-01,Bengaluru,Chennai,1108.5,195.7,305.0,2.0,2025-09-02,2025-09-04,10179.607500000002,On Time,True,False,0.41712380791627984,0.34870360193835237,1.0,0.5941422594142259,0.1111111111111111,True,False,False,False
1886,2025-08-09,Delhi,Delhi,1084.4,169.5,293.0,3.0,2025-08-10,2025-08-13,2202.34,On Time,False,False,0.40695417334796186,0.29634810411150525,0.20064316156722595,0.5690376569037657,0.2222222222222222,False,True,False,False
1887,2025-01-16,Hyderabad,Ahmedabad,251.5,109.8,286.0,2.0,2025-01-16,2025-01-18,698.67,On Time,False,False,0.0554899147607393,0.17704950791826946,0.04996889907744367,0.5543933054393305,0.1111111111111111,False,False,False,True
1888,2025-02-27,Kolkata,Mumbai,921.1,194.1,95.0,4.0,2025-02-28,2025-03-04,8834.48,On Time,False,False,0.33804540467550004,0.34550631962831596,0.8652123843547953,0.15481171548117154,0.3333333333333333,True,False,False,False
1889,2025-01-05,Mumbai,Delhi,1125.3,123.9,264.0,5.0,2025-01-05,2025-01-10,1974.99,On Time,False,False,0.4242130137564351,0.20522555827546585,0.17786170448086255,0.5083682008368201,0.4444444444444444,False,True,False,False
1890,2025-03-23,Kolkata,Delhi,973.4,99.4,49.0,4.0,2025-03-25,2025-03-29,7751.01,On Time,False,False,0.36011477761836436,0.15626717290303244,0.756643986248958,0.058577405857740586,0.3333333333333333,True,False,False,False
1891,2025-01-30,Delhi,Delhi,988.9,316.5,89.0,3.0,2025-02-01,2025-02-04,4099.81,Delayed,False,False,0.3666554139589838,0.5900984163461058,0.39077789381997236,0.14225941422594143,0.2222222222222222,False,False,True,False
1892,2025-08-01,Delhi,Bengaluru,1319.6,173.5,259.0,3.0,2025-08-02,2025-08-05,2395.62,On Time,False,False,0.5062030551101357,0.3043413098865964,0.22001065673174014,0.497907949790795,0.2222222222222222,False,True,False,False
1893,2025-06-06,Ahmedabad,Chennai,614.5,228.8,275.5,4.0,2025-06-08,2025-06-12,2552.3,Delayed,False,False,0.20866739809266605,0.4148473797272319,0.23571067298989462,0.5324267782426778,0.3333333333333333,False,False,True,False
1894,2025-10-22,Hyderabad,Ahmedabad,367.4,388.1,334.0,3.0,2025-10-24,2025-10-27,4868.61,On Time,False,False,0.10439699552704867,0.7331767997202379,0.4678149917218687,0.6548117154811716,0.2222222222222222,True,False,False,False
1895,2025-08-13,Delhi,Chennai,943.3,296.6,491.0,3.0,2025-08-13,2025-08-16,3776.9,Delayed,False,False,0.3474132838214195,0.5503322176150273,0.358420909840392,0.9832635983263598,0.2222222222222222,False,False,True,False
1896,2025-07-03,Pune,Bengaluru,1443.9,62.0,429.0,5.0,2025-07-03,2025-07-08,1739.22,On Time,False,False,0.5586547387965229,0.08153069890592995,0.15423652683735303,0.8535564853556485,0.4444444444444444,False,False,False,True
1897,2025-06-02,Bengaluru,Hyderabad,1859.4,268.2,202.0,4.0,2025-06-02,2025-06-09,7167.39,On Time,False,False,0.7339859903789349,0.4935804566118799,0.6981627283437749,0.3786610878661088,0.3333333333333333,False,False,True,False
1898,2025-01-17,Pune,Hyderabad,1452.0,267.5,395.0,5.0,2025-01-17,2025-01-22,5469.75,On Time,False,False,0.5620727487551692,0.49218164560123895,0.5280518296937028,0.7824267782426778,0.4444444444444444,False,False,True,False
1899,2025-01-22,Hyderabad,Pune,439.3,189.9,65.0,3.0,2025-01-23,2025-01-26,10179.607500000002,On Time,False,False,0.13473710861676091,0.3371134535644702,1.0,0.09205020920502092,0.2222222222222222,True,False,False,False
1900,2025-07-04,Chennai,Delhi,995.4,186.1,431.0,4.0,2025-07-05,2025-07-09,3110.57,Delayed,False,False,0.369398261456663,0.3295199080781336,0.2916517508328859,0.8577405857740585,0.3333333333333333,False,False,True,False
1901,2025-01-02,Bengaluru,Bengaluru,1215.5,83.4,205.0,4.0,2025-01-03,2025-01-08,2613.42,On Time,False,False,0.4622752974934593,0.12429434980266774,0.24183516235483205,0.38493723849372385,0.3333333333333333,False,False,True,False
1902,2025-01-13,Bengaluru,Pune,1179.9,521.625,384.0,5.0,2025-01-13,2025-01-18,5296.82,On Time,False,True,0.44725293273693983,1.0,0.5107234928828612,0.7594142259414226,0.4444444444444444,False,True,False,False
1903,2025-03-07,Hyderabad,Pune,1342.7,193.7,485.0,3.0,2025-03-09,2025-03-12,2528.04,On Time,False,False,0.5159507131403493,0.3447069990508068,0.23327971566015993,0.9707112970711297,0.2222222222222222,False,True,False,False
1904,2025-09-23,Delhi,Bengaluru,687.3,260.9,275.5,2.0,2025-09-25,2025-09-27,1900.42,On Time,False,False,0.23938729006667225,0.4789928560723385,0.17038946672000876,0.5324267782426778,0.1111111111111111,False,True,False,False
1905,2025-05-18,Chennai,Hyderabad,1129.2,199.4,461.0,5.0,2025-05-19,2025-05-24,2380.46,On Time,False,False,0.4258587222550426,0.35609731728031174,0.21849155891151026,0.9205020920502092,0.4444444444444444,False,True,False,False
1906,2025-08-01,Delhi,Pune,1289.1,149.1,24.0,3.0,2025-08-01,2025-08-04,3856.07,Delayed,False,False,0.4933327706979491,0.25558275465854025,0.36635408757308335,0.006276150627615063,0.2222222222222222,False,False,True,False
1907,2025-05-04,Chennai,Bengaluru,1471.6,328.6,101.0,4.0,2025-05-05,2025-05-09,6139.01,On Time,False,False,0.5703434889020169,0.6142778638157567,0.5951145874224011,0.16736401673640167,0.3333333333333333,False,False,True,False
1908,2025-02-21,Delhi,Ahmedabad,737.4,236.5,320.0,4.0,2025-02-23,2025-02-27,2170.33,On Time,False,False,0.2605283146257068,0.4302343008442824,0.19743562058928665,0.6255230125523012,0.3333333333333333,False,False,True,False
1909,2025-04-22,Mumbai,Delhi,944.7,194.6,279.0,3.0,2025-04-24,2025-04-27,3031.06,On Time,False,False,0.3480040509747658,0.34650547035020235,0.2836845036240152,0.5397489539748954,0.2222222222222222,False,False,True,False
1910,2025-01-28,Ahmedabad,Chennai,120.0,259.5,77.0,1.0,2025-01-28,2025-01-29,200.0,Delayed,False,False,0.0,0.4761952340510566,0.0,0.11715481171548117,0.0,False,False,False,True
1911,2025-08-20,Mumbai,Mumbai,820.3,209.0,364.0,2.0,2025-08-22,2025-08-24,2193.03,On Time,False,False,0.2955101696345683,0.3752810111405306,0.19971025914596338,0.7175732217573222,0.1111111111111111,False,True,False,False
1912,2025-02-25,Ahmedabad,Mumbai,864.0,480.7,48.0,4.0,2025-02-27,2025-03-03,1976.06,On Time,False,False,0.31395054434973413,0.9182195134135984,0.17796892312648566,0.056485355648535567,0.3333333333333333,False,False,False,True
1913,2025-04-23,Mumbai,Kolkata,641.2,323.1,495.0,3.0,2025-04-24,2025-04-27,2534.8,Delayed,False,False,0.21993417166005572,0.6032872058750063,0.23395709701007777,0.9916317991631799,0.2222222222222222,False,False,True,False
1914,2025-10-22,Pune,Delhi,1174.5,280.9,95.0,4.0,2025-10-23,2025-10-28,4318.95,On Time,False,False,0.4449742594311756,0.5189588849477943,0.4127366732609473,0.15481171548117154,0.3333333333333333,False,False,True,False
1915,2025-06-27,Chennai,Kolkata,1074.8,89.5,275.5,5.0,2025-06-28,2025-07-03,3088.86,On Time,False,False,0.4029031985821588,0.13648398860968175,0.289476314574496,0.5324267782426778,0.4444444444444444,False,False,True,False
1916,2025-05-18,Bengaluru,Kolkata,120.0,285.8,275.5,2.0,2025-05-18,2025-05-20,1158.84,On Time,False,False,0.0,0.5287505620222811,0.09607993099929027,0.5324267782426778,0.1111111111111111,True,False,False,False
1917,2025-06-12,Chennai,Bengaluru,1197.0,282.2,266.0,5.0,2025-06-13,2025-06-18,4856.74,On Time,False,False,0.4544687315385264,0.521556676824699,0.4666255661858444,0.5125523012552301,0.4444444444444444,False,False,True,False
1918,2025-08-24,Kolkata,Ahmedabad,682.3,125.2,377.0,2.0,2025-08-24,2025-08-26,2159.87,Delayed,False,False,0.23727740737614986,0.20782335015237047,0.19638748317506471,0.7447698744769874,0.1111111111111111,False,False,True,False
1919,2025-03-18,Kolkata,Pune,1318.6,88.3,357.0,3.0,2025-03-18,2025-03-21,10179.607500000002,Delayed,True,False,0.5057810785720314,0.1340860268771544,1.0,0.702928870292887,0.2222222222222222,True,False,False,False
1920,2025-07-10,Bengaluru,Kolkata,523.2,316.5,475.0,2.0,2025-07-11,2025-07-13,678.81,On Time,False,False,0.1701409401637269,0.5900984163461058,0.04797884085120581,0.9497907949790795,0.1111111111111111,False,False,False,True
1921,2025-09-19,Kolkata,Chennai,1113.5,336.2,242.0,2.0,2025-09-20,2025-09-22,10179.607500000002,Delayed,True,False,0.4192336906068022,0.6294649547884298,1.0,0.46234309623430964,0.1111111111111111,True,False,False,False
1922,2025-06-21,Bengaluru,Pune,972.6,156.2,489.0,5.0,2025-06-23,2025-06-28,3148.01,On Time,False,False,0.3597771963878808,0.2697706949093271,0.2954034013862769,0.9790794979079498,0.4444444444444444,False,False,True,False
1923,2025-05-14,Pune,Mumbai,1236.4,220.35000000000002,268.0,3.0,2025-05-15,2025-05-18,2047.64,Delayed,False,False,0.471094607139843,0.3979617325273518,0.18514154990564508,0.5167364016736402,0.2222222222222222,False,True,False,False
1924,2025-02-13,Kolkata,Bengaluru,1156.1,234.5,448.0,3.0,2025-02-15,2025-02-18,10179.607500000002,On Time,True,False,0.4372098911300531,0.42623769795673677,1.0,0.893305439330544,0.2222222222222222,True,False,False,False
1925,2025-03-16,Chennai,Kolkata,985.2,173.2,371.0,5.0,2025-03-18,2025-03-23,1560.87,On Time,False,False,0.3650941007679973,0.30374181945346457,0.13636508249447682,0.7322175732217573,0.4444444444444444,False,False,False,True
1926,2025-10-11,Delhi,Delhi,408.7,87.1,83.0,1.0,2025-10-12,2025-10-13,781.57,On Time,False,False,0.12182462655076376,0.13168806514462705,0.05827583900469031,0.1297071129707113,0.0,False,True,False,False
1927,2025-06-12,Chennai,Bengaluru,435.3,124.4,328.0,3.0,2025-06-14,2025-06-17,3710.5,On Time,False,False,0.13304920246434299,0.20622470899735226,0.35176734155125833,0.6422594142259415,0.2222222222222222,True,False,False,False
1928,2025-04-01,Delhi,Chennai,837.3,256.1,441.0,2.0,2025-04-02,2025-04-04,1796.82,On Time,False,False,0.3026837707823445,0.46940100914222915,0.16000829691949303,0.8786610878661087,0.1111111111111111,False,True,False,False
1929,2025-05-06,Delhi,Delhi,1096.3,128.3,275.5,3.0,2025-05-07,2025-05-10,2735.6,On Time,False,False,0.4119756941514051,0.21401808462806615,0.2540781288242047,0.5324267782426778,0.2222222222222222,False,False,True,False
1930,2025-06-23,Ahmedabad,Hyderabad,826.3,344.7,422.0,3.0,2025-06-23,2025-06-26,2630.17,On Time,False,False,0.29804202886319514,0.6464505170604986,0.24351358507837104,0.8389121338912134,0.2222222222222222,False,True,False,False
1931,2025-06-11,Mumbai,Delhi,1381.3,279.9,70.0,3.0,2025-06-11,2025-06-14,3401.89,On Time,False,False,0.5322390075111824,0.5169605835040215,0.3208432796580426,0.10251046025104603,0.2222222222222222,False,True,False,False
1932,2025-07-29,Kolkata,Hyderabad,974.4,261.3,438.0,4.0,2025-07-30,2025-08-03,1617.29,On Time,False,False,0.36053675415646885,0.4797921766498477,0.14201861145340633,0.8723849372384938,0.3333333333333333,False,True,False,False
1933,2025-03-19,Pune,Delhi,665.7,232.0,398.0,2.0,2025-03-19,2025-03-21,2551.2,On Time,False,False,0.2302725968436155,0.42124194434730483,0.23560044821402037,0.7887029288702929,0.1111111111111111,False,False,True,False
1934,2025-07-14,Ahmedabad,Kolkata,974.9,145.4,92.0,3.0,2025-07-15,2025-07-18,2507.07,On Time,False,False,0.3607477424255211,0.2481890393165809,0.23117843061463086,0.14853556485355648,0.2222222222222222,False,False,True,False
1935,2025-05-13,Delhi,Pune,1201.6,299.1,368.0,3.0,2025-05-13,2025-05-16,3379.05,Delayed,False,False,0.456409823613807,0.5553279712244593,0.3185546124935274,0.7259414225941423,0.2222222222222222,False,True,False,False
1936,2025-10-10,Delhi,Delhi,1246.2,230.4,76.0,5.0,2025-10-10,2025-10-15,2208.64,On Time,False,False,0.47522997721326693,0.41804466203726837,0.20127444891995996,0.11506276150627615,0.4444444444444444,False,False,False,True
1937,2025-02-17,Chennai,Pune,1945.3,354.2,292.0,5.0,2025-02-18,2025-02-23,8674.26,Delayed,False,False,0.7702337750021098,0.6654343807763401,0.8491576447270094,0.5669456066945606,0.4444444444444444,False,False,True,False
1938,2025-02-14,Bengaluru,Hyderabad,799.0,443.5,463.0,3.0,2025-02-15,2025-02-18,3029.31,Delayed,False,False,0.28652206937294283,0.8438826997052505,0.28350914602603355,0.9246861924686193,0.2222222222222222,False,True,False,False
1939,2025-05-19,Ahmedabad,Ahmedabad,1066.9,235.8,118.0,3.0,2025-05-21,2025-05-24,3853.37,On Time,False,False,0.39956958393113345,0.42883548983364145,0.36608353585048303,0.20292887029288703,0.2222222222222222,False,False,True,False
1940,2025-06-02,Delhi,Delhi,1291.8,414.6,103.0,3.0,2025-06-04,2025-06-07,4704.29,On Time,False,False,0.49447210735083125,0.7861317879802169,0.4513494142930971,0.17154811715481172,0.2222222222222222,False,True,False,False
1941,2025-07-27,Delhi,Hyderabad,1089.5,125.3,222.0,4.0,2025-07-29,2025-08-02,1173.85,On Time,False,False,0.4091062536922947,0.20802318029674774,0.0975839981682646,0.4205020920502092,0.3333333333333333,False,False,False,True
1942,2025-05-02,Chennai,Ahmedabad,874.7,281.5,196.0,2.0,2025-05-02,2025-05-04,3418.71,On Time,False,False,0.3184656933074521,0.5201578658140581,0.32252871668550087,0.36610878661087864,0.1111111111111111,False,False,True,False
1943,2025-10-02,Pune,Pune,402.8,217.0,43.0,2.0,2025-10-03,2025-10-05,1582.55,On Time,False,False,0.11933496497594734,0.3912674226907129,0.13853751262261563,0.04602510460251046,0.1111111111111111,False,False,True,False
1944,2025-05-23,Mumbai,Delhi,870.1,521.625,238.0,4.0,2025-05-23,2025-05-27,3592.08,Delayed,False,True,0.31652460123217147,1.0,0.33990114340669203,0.45397489539748953,0.3333333333333333,False,False,True,False
1945,2025-02-08,Kolkata,Pune,616.8,64.3,144.0,2.0,2025-02-08,2025-02-10,1753.36,Delayed,False,False,0.20963794413030631,0.08612679222660737,0.15565341622904505,0.25732217573221755,0.1111111111111111,False,False,True,False
1946,2025-02-05,Mumbai,Mumbai,323.0,309.9,79.0,3.0,2025-02-05,2025-02-08,1202.52,On Time,False,False,0.08566123723520971,0.5769096268172054,0.10045685664491312,0.12133891213389121,0.2222222222222222,False,False,True,False
1947,2025-10-20,Delhi,Bengaluru,741.9,153.0,275.5,3.0,2025-10-21,2025-10-24,7181.06,On Time,False,False,0.2624272090471769,0.26337613028925416,0.6995325216948661,0.5324267782426778,0.2222222222222222,True,False,False,False
1948,2025-02-10,Ahmedabad,Kolkata,628.8,222.5,29.0,2.0,2025-02-10,2025-02-12,2817.81,On Time,False,False,0.2147016625875601,0.4022580806314633,0.2623159277556757,0.016736401673640166,0.1111111111111111,False,False,True,False
1949,2025-10-12,Mumbai,Bengaluru,1362.7,521.625,459.0,5.0,2025-10-13,2025-10-18,8095.25,On Time,False,True,0.524390243902439,1.0,0.7911383288370809,0.9163179916317992,0.4444444444444444,False,False,True,False
1950,2025-03-25,Chennai,Bengaluru,1370.5,286.2,497.0,5.0,2025-03-25,2025-03-30,5574.46,Delayed,False,False,0.527681660899654,0.5295498825997902,0.5385442263135097,0.99581589958159,0.4444444444444444,False,False,True,False
1951,2025-01-29,Ahmedabad,Mumbai,693.3,267.6,196.0,3.0,2025-01-30,2025-02-02,2117.1,On Time,False,False,0.24191914929529915,0.4923814757456163,0.19210174348039236,0.36610878661087864,0.2222222222222222,False,True,False,False
1952,2025-04-02,Bengaluru,Bengaluru,982.9,256.8,440.0,2.0,2025-04-03,2025-04-05,2085.36,On Time,False,False,0.36412355473035696,0.4707998201528701,0.18892125767471313,0.8765690376569037,0.1111111111111111,False,True,False,False
1953,2025-07-04,Mumbai,Ahmedabad,263.8,372.5,241.0,2.0,2025-07-04,2025-07-06,3856.07,On Time,False,False,0.060680226179424424,0.7020032971973822,0.36635408757308335,0.4602510460251046,0.1111111111111111,False,False,True,False
1954,2025-05-09,Kolkata,Kolkata,877.5,324.7,457.0,2.0,2025-05-09,2025-05-11,2854.55,Delayed,False,False,0.3196472276141446,0.6064844881850427,0.26599743526987407,0.9121338912133892,0.1111111111111111,False,True,False,False
1955,2025-08-24,Ahmedabad,Chennai,1279.5,228.8,103.0,5.0,2025-08-26,2025-08-31,4863.05,On Time,False,False,0.48928179593214616,0.4148473797272319,0.4672578555819955,0.17154811715481172,0.4444444444444444,False,False,True,False
1956,2025-07-03,Kolkata,Ahmedabad,1471.2,242.3,156.0,5.0,2025-07-05,2025-07-10,3856.07,Delayed,False,False,0.5701746982867753,0.4418244492181646,0.36635408757308335,0.2824267782426778,0.4444444444444444,False,False,True,False
1957,2025-05-01,Bengaluru,Mumbai,779.1,234.2,375.0,2.0,2025-05-01,2025-05-03,2774.21,On Time,False,False,0.27812473626466366,0.42563820752360493,0.2579470184573892,0.7405857740585774,0.1111111111111111,False,False,True,False
1958,2025-07-10,Bengaluru,Kolkata,1573.3,210.9,125.0,3.0,2025-07-12,2025-07-15,10179.607500000002,On Time,True,False,0.6132585028272427,0.3790777838836989,1.0,0.2175732217573222,0.2222222222222222,True,False,False,False
1959,2025-10-19,Hyderabad,Bengaluru,417.9,109.9,415.0,3.0,2025-10-19,2025-10-22,1039.51,Delayed,False,False,0.125706810701325,0.17724933806264676,0.0841225469037735,0.8242677824267782,0.2222222222222222,False,False,True,False
1960,2025-05-04,Delhi,Kolkata,538.6,283.2,224.0,4.0,2025-05-06,2025-05-10,1887.55,On Time,False,False,0.1766393788505359,0.5235549782684717,0.16909983684228058,0.4246861924686193,0.3333333333333333,False,False,True,False
1961,2025-02-16,Pune,Ahmedabad,1419.3,161.3,213.0,3.0,2025-02-16,2025-02-19,3123.25,On Time,False,False,0.5482741159591527,0.27996203227256833,0.29292234188569033,0.401673640167364,0.2222222222222222,False,True,False,False
1962,2025-05-03,Ahmedabad,Kolkata,1852.0,197.9,275.5,6.0,2025-05-04,2025-05-10,4353.46,On Time,False,False,0.7308633639969617,0.3530998651146526,0.41619472509314615,0.5324267782426778,0.5555555555555556,False,True,False,False
1963,2025-09-10,Delhi,Ahmedabad,1322.0,335.6,402.0,2.0,2025-09-10,2025-09-12,10179.607500000002,On Time,True,False,0.5072157988015866,0.6282659739221662,1.0,0.797071129707113,0.1111111111111111,True,False,False,False
1964,2025-03-07,Pune,Mumbai,1081.8,213.5,22.0,3.0,2025-03-07,2025-03-10,3798.11,On Time,False,False,0.40585703434889014,0.38427336763750813,0.36054624392793,0.0020920502092050207,0.2222222222222222,False,False,True,False
1965,2025-10-12,Pune,Hyderabad,120.0,205.0,380.0,1.0,2025-10-13,2025-10-14,200.0,On Time,False,False,0.0,0.36728780536543937,0.0,0.7510460251046025,0.0,False,False,True,False
1966,2025-06-26,Hyderabad,Bengaluru,189.9,236.2,275.5,3.0,2025-06-26,2025-06-29,629.34,On Time,False,False,0.02949616001350325,0.42963481041115054,0.04302173206711787,0.5324267782426778,0.2222222222222222,False,True,False,False
1967,2025-06-30,Chennai,Delhi,1158.2,184.8,414.0,5.0,2025-07-01,2025-07-06,2648.84,On Time,False,False,0.43809604186007256,0.326922116201229,0.24538440013798135,0.8221757322175732,0.4444444444444444,False,True,False,False
1968,2025-04-06,Kolkata,Delhi,938.9,228.8,498.0,4.0,2025-04-06,2025-04-10,5852.04,On Time,False,False,0.3455565870537598,0.4148473797272319,0.5663589474836559,0.997907949790795,0.3333333333333333,False,False,True,False
1969,2025-10-04,Pune,Hyderabad,602.4,501.3,395.0,4.0,2025-10-04,2025-10-08,3984.66,On Time,False,False,0.2035614819816018,0.959384523155318,0.37923936387277746,0.7824267782426778,0.3333333333333333,False,False,True,False
1970,2025-01-11,Delhi,Hyderabad,1129.5,494.8,273.0,4.0,2025-01-13,2025-01-16,5716.91,On Time,False,False,0.4259853152164739,0.9463955637707948,0.5528183347892188,0.5271966527196653,0.3333333333333333,False,False,True,False
1971,2025-03-31,Pune,Bengaluru,1151.8,257.2,243.0,3.0,2025-04-02,2025-04-05,4178.52,Delayed,False,False,0.43539539201620386,0.4715991407303792,0.39866497755547997,0.46443514644351463,0.2222222222222222,False,False,True,False
1972,2025-05-06,Ahmedabad,Mumbai,1525.0,220.35000000000002,206.0,5.0,2025-05-08,2025-05-13,2795.3,On Time,False,False,0.5928770360367963,0.3979617325273518,0.26006032802392276,0.38702928870292885,0.4444444444444444,False,True,False,False
1973,2025-05-24,Hyderabad,Bengaluru,1161.5,340.0,417.0,5.0,2025-05-24,2025-05-29,3420.1,On Time,False,False,0.43948856443581735,0.6370585002747664,0.32266800072046914,0.8284518828451883,0.4444444444444444,False,True,False,False
1974,2025-05-23,Chennai,Ahmedabad,1652.8,228.8,208.0,4.0,2025-05-24,2025-05-28,5279.76,On Time,False,False,0.646805637606549,0.4148473797272319,0.5090140068133941,0.3912133891213389,0.3333333333333333,False,False,True,False
1975,2025-02-14,Bengaluru,Mumbai,1103.6,354.9,275.5,3.0,2025-02-14,2025-02-17,4853.76,Delayed,False,False,0.41505612287956783,0.6668331917869811,0.466326957247567,0.5324267782426778,0.2222222222222222,False,False,True,False
1976,2025-03-09,Mumbai,Kolkata,1048.1,151.9,66.0,3.0,2025-03-09,2025-03-12,9550.17,On Time,False,False,0.3916364250147691,0.2611779987011041,0.9369276296688019,0.09414225941422594,0.2222222222222222,True,False,False,False
1977,2025-01-29,Ahmedabad,Kolkata,1578.9,266.5,275.5,2.0,2025-01-30,2025-02-01,10179.607500000002,Delayed,True,False,0.6156215714406279,0.49018334415746617,1.0,0.5324267782426778,0.1111111111111111,True,False,False,False
1978,2025-06-21,Chennai,Ahmedabad,659.7,379.7,147.0,4.0,2025-06-22,2025-06-26,2753.78,Delayed,False,False,0.22774073761498861,0.7163910675925463,0.2558998437563802,0.26359832635983266,0.3333333333333333,False,False,True,False
1979,2025-04-16,Mumbai,Chennai,2366.5,191.0,228.0,8.0,2025-04-17,2025-04-25,7342.44,On Time,False,False,0.9479702928517174,0.3393115851526203,0.7157034983590285,0.4330543933054393,0.7777777777777778,False,False,True,False
1980,2025-06-19,Pune,Kolkata,1268.9,190.7,261.0,5.0,2025-06-19,2025-06-24,1941.33,Delayed,False,False,0.48480884462823864,0.33871209471948843,0.174488826339112,0.502092050209205,0.4444444444444444,False,False,False,True
1981,2025-06-26,Hyderabad,Hyderabad,1271.4,93.7,363.0,3.0,2025-06-28,2025-07-01,2813.42,On Time,False,False,0.4858637859734999,0.1448768546735275,0.26187603069559595,0.7154811715481172,0.2222222222222222,False,False,True,False
1982,2025-07-30,Bengaluru,Mumbai,1336.3,228.8,227.0,5.0,2025-08-01,2025-08-06,3938.2,Delayed,False,False,0.5132500632964807,0.4148473797272319,0.374583870157218,0.4309623430962343,0.4444444444444444,False,False,True,False
1983,2025-06-14,Mumbai,Pune,1944.7,254.7,92.0,3.0,2025-06-14,2025-06-18,10179.607500000002,Delayed,True,False,0.7699805890792472,0.4666033871209472,1.0,0.14853556485355648,0.2222222222222222,True,False,False,False
1984,2025-07-14,Pune,Pune,1456.6,274.2,281.0,4.0,2025-07-14,2025-07-18,5381.42,Delayed,False,False,0.5640138408304497,0.5055702652745167,0.5192007801910045,0.5439330543933054,0.3333333333333333,False,False,True,False
1985,2025-06-26,Hyderabad,Hyderabad,377.7,294.3,46.0,1.0,2025-06-27,2025-06-28,1271.16,On Time,False,False,0.10874335386952484,0.5457361242943498,0.1073348826594633,0.05230125523012552,0.0,False,True,False,False
1986,2025-07-15,Pune,Hyderabad,1731.6,73.2,427.0,6.0,2025-07-16,2025-07-22,3856.07,On Time,False,False,0.6800573888091821,0.10391167507618523,0.36635408757308335,0.8493723849372385,0.5555555555555556,False,False,True,False
1987,2025-07-04,Pune,Hyderabad,946.6,186.1,389.0,4.0,2025-07-06,2025-07-10,2335.53,On Time,False,False,0.3488058063971643,0.3295199080781336,0.21398937783875766,0.7698744769874477,0.3333333333333333,False,True,False,False
1988,2025-04-05,Delhi,Pune,1148.2,100.3,128.0,3.0,2025-04-06,2025-04-09,1895.15,On Time,False,False,0.43387627647902777,0.1580656442024279,0.16986138983922963,0.22384937238493724,0.2222222222222222,False,True,False,False
1989,2025-03-15,Delhi,Ahmedabad,524.3,248.3,146.0,3.0,2025-03-15,2025-03-18,5753.09,On Time,False,False,0.1706051143556418,0.4538142578808014,0.556443727872063,0.2615062761506276,0.2222222222222222,True,False,False,False
1990,2025-08-25,Ahmedabad,Kolkata,1336.8,83.5,33.0,3.0,2025-08-25,2025-08-28,3074.58,On Time,False,False,0.5134610515655329,0.12449417994704501,0.2880453965749654,0.02510460251046025,0.2222222222222222,False,False,True,False
1991,2025-04-13,Bengaluru,Kolkata,806.9,117.4,194.0,3.0,2025-04-13,2025-04-16,1079.33,On Time,False,False,0.2898556840239682,0.1922365988909427,0.08811268379041959,0.3619246861924686,0.2222222222222222,False,False,False,True
1992,2025-06-14,Kolkata,Hyderabad,1145.1,321.9,38.0,4.0,2025-06-15,2025-06-19,5039.41,On Time,False,False,0.4325681492109038,0.6008892441424789,0.48492989328488106,0.03556485355648536,0.3333333333333333,False,False,True,False
1993,2025-03-01,Chennai,Delhi,972.2,164.1,469.0,3.0,2025-03-01,2025-03-04,8716.09,On Time,False,False,0.35960840577263903,0.28555727631513217,0.8533491923404801,0.9372384937238494,0.2222222222222222,True,False,False,False
1994,2025-05-10,Hyderabad,Pune,1966.3,416.3,84.0,9.0,2025-05-12,2025-05-21,4994.83,On Time,False,False,0.779095282302304,0.7895289004346306,0.4804627837317248,0.13179916317991633,0.8888888888888888,False,False,False,True
1995,2025-06-08,Pune,Pune,1992.0,298.1,336.0,6.0,2025-06-10,2025-06-16,5115.65,On Time,False,False,0.789940079331589,0.5533296697806864,0.49256947229638026,0.6589958158995816,0.5555555555555556,False,True,False,False
1996,2025-07-07,Mumbai,Hyderabad,1120.9,191.6,293.0,3.0,2025-07-07,2025-07-10,3856.07,On Time,False,False,0.4223563169887754,0.34051056601888396,0.36635408757308335,0.5690376569037657,0.2222222222222222,False,False,True,False
1997,2025-06-07,Bengaluru,Chennai,1128.8,347.1,133.0,4.0,2025-06-09,2025-06-13,4796.42,On Time,False,False,0.4256899316398008,0.6512464405255534,0.46058124029427,0.23430962343096234,0.3333333333333333,False,False,True,False
1998,2025-04-19,Ahmedabad,Chennai,932.0,200.1,275.5,5.0,2025-04-20,2025-04-25,3331.8,On Time,False,False,0.34264494894083886,0.3574961282909527,0.3138199573480219,0.5324267782426778,0.4444444444444444,False,False,True,False
1999,2025-10-16,Chennai,Kolkata,1597.7,312.9,72.0,4.0,2025-10-16,2025-10-20,4435.13,On Time,False,False,0.6235547303569922,0.5829045311485237,0.42437841368009704,0.10669456066945607,0.3333333333333333,False,True,False,False
2000,2025-06-03,Chennai,Hyderabad,952.0,150.3,445.0,4.0,2025-06-04,2025-06-07,3243.03,On Time,False,False,0.3510844797029285,0.2579807163910676,0.30492481793497384,0.8870292887029289,0.3333333333333333,False,False,True,False
